Term;Dept;Crse;Sect;Title;FacultyName;StartDate;EndDate;ReportLink;FlagNoReview;ClassSize;OverallMean;OverallSD;OverallResponseRate;QualityMean;QualitySD;QualityMedian;QualityResponseRate;InstructorMean;InstructorSD;InstructorMedian;InstructorResponseRate;IntellectualChallengeMean;IntellectualChallengeSD;IntellectualChallengeMedian;IntellectualChallengeRate;TAMean;TASD;TAMedian;TARate;FeedbackMean;FeedbackSD;FeedbackMedian;FeedbackRate;RelativeWorkMean;RelativeWorkSD;RelativeWorkMedian;RelativeWorkRate
AE Fall 2023;AS Anthropology;AS.070.132;01;Invitation to Anthropology;Khan, Naveeda;08/28/2023;12/08/2023;Link;1;0;;;;;;;;;;;;;;;;;;;;;;;;;;;
AE Fall 2023;AS Anthropology;AS.070.132;02;Invitation to Anthropology;Khan, Naveeda;08/28/2023;12/08/2023;Link;0;13;4.11;.77;.9230769230769231;4.25;.87;4.5;.9230769230769231;4.36;.8100000000000001;5;.9230769230769231;4.45;.82;5;.9230769230769231;4.17;.9399999999999999;4.5;.9230769230769231;4.36;.5;4;.9230769230769231;3.08;.67;3;.9230769230769231
AE Fall 2023;AS Anthropology;AS.070.132;03;Invitation to Anthropology;Khan, Naveeda;08/28/2023;12/08/2023;Link;0;15;4.02;.8;1;4;.65;4;1;4;1;4;1;4.2;.77;4;1;4.73;.46;5;1;4.33;.9;5;1;2.87;.99;3;1
AE Fall 2023;AS Anthropology;AS.070.132;04;Invitation to Anthropology;Khan, Naveeda;08/28/2023;12/08/2023;Link;0;19;4.04;.79;.7368421052631579;3.93;1.07;4;.7368421052631579;3.93;1.38;4;.7368421052631579;4;.78;4;.7368421052631579;4.86;.36;5;.7368421052631579;4.57;.65;5;.7368421052631579;2.93;.47;3;.7368421052631579
AE Fall 2023;AS Anthropology;AS.070.132;05;Invitation to Anthropology;Khan, Naveeda;08/28/2023;12/08/2023;Link;0;16;3.85;.93;.9375;4;.85;4;.9375;4.27;.8;4;.9375;4.08;1.04;4;.8125;3.73;1.1;4;.9375;3.87;1.19;4;.9375;3.13;.64;3;.9375
AE Fall 2023;AS Anthropology;AS.070.202;01;Mapping Communities;Procupez, Valeria;08/28/2023;12/08/2023;Link;0;7;4.27;.5;1;4.43;.53;4;1;4.86;.38;5;1;4.57;.53;5;1;4.5;.55;4.5;1;4.57;.53;5;1;2.71;.49;3;1
AE Fall 2023;AS Anthropology;AS.070.267;01;Culture, Religion and Politics in Iran;Haeri, Niloofar;08/28/2023;12/08/2023;Link;0;11;4.29;.65;1;4.82;.4;5;1;4.73;.65;5;1;4.45;.52;4;1;4.63;.52;5;.9090909090909091;4.36;1.03;5;1;2.73;.79;3;1
AE Fall 2023;AS Anthropology;AS.070.273;01;Ethnographies;Procupez, Valeria;08/28/2023;12/08/2023;Link;0;11;4.4;.55;1;4.82;.4;5;1;4.73;.47;5;1;4.55;.52;5;1;0;0;0;1;4.6;.52;5;.9090909090909091;3.3;.82;3;.9090909090909091
AE Fall 2023;AS Anthropology;AS.070.286;01;Reading Gandhi in the Contemporary Moment;Joshi, Kunal;08/28/2023;12/08/2023;Link;0;9;4.4;.43;1;4.89;.33;5;1;4.89;.33;5;1;4.89;.33;5;1;0;0;0;1;4.22;.83;4;1;3.11;.33;3;1
AE Fall 2023;AS Anthropology;AS.070.306;01;The Power and Politics of Ruins;Khan, Naveeda;08/28/2023;12/08/2023;Link;1;;;;;;;;;;;;;;;;;;;;;;;;;;;;
AE Fall 2023;AS Anthropology;AS.070.322;01;The Politics of Land Rights;Menezes, Benita Maria;08/28/2023;12/08/2023;Link;0;9;3.9;.6899999999999999;.8888888888888888;3.5;.53;3.5;.8888888888888888;3.5;.53;3.5;.8888888888888888;4.25;.46;4;.8888888888888888;0;0;0;.8888888888888888;3.63;1.19;4;.8888888888888888;4.63;.74;5;.8888888888888888
AE Fall 2023;AS Anthropology;AS.070.338;01;Transnational Migration through the Lens of Kinship and Gender;Kim, Sojung;08/28/2023;12/08/2023;Link;0;9;4.28;.79;.8888888888888888;4.5;.76;5;.8888888888888888;4;.93;4;.8888888888888888;4.75;.46;5;.8888888888888888;0;0;0;.8888888888888888;4.5;1.07;5;.8888888888888888;3.63;.74;3.5;.8888888888888888
AE Fall 2023;AS Anthropology;AS.070.404;01;The Idea of Africa;Mohamed, Sabine;08/28/2023;12/08/2023;Link;0;6;4.64;.42;.8333333333333334;4.8;.45;5;.8333333333333334;5;0;5;.8333333333333334;5;0;5;.8333333333333334;0;0;0;.8333333333333334;4.6;.55;5;.8333333333333334;3.8;1.1;4;.8333333333333334
AE Fall 2023;AS Anthropology;AS.070.431;01;Politics of Language;MacLochlainn, Scott A;08/28/2023;12/08/2023;Link;0;8;4.17;.72;1;4.38;.74;4.5;1;4.38;.74;4.5;1;4.5;.76;5;1;5;0;5;1;4.13;.83;4;1;2.63;.52;3;1
AE Fall 2023;AS Anthropology;AS.070.604;01;The Idea of Africa;Mohamed, Sabine;08/28/2023;12/08/2023;Link;1;;;;;;;;;;;;;;;;;;;;;;;;;;;;
AE Fall 2023;AS Anthropology;AS.070.631;01;Politics of Language;MacLochlainn, Scott A;08/28/2023;12/08/2023;Link;1;;;;;;;;;;;;;;;;;;;;;;;;;;;;
AE Fall 2023;AS Anthropology;AS.070.656;01;Anthropology of Religion;Khan, Naveeda;08/28/2023;12/08/2023;Link;1;;;;;;;;;;;;;;;;;;;;;;;;;;;;
AE Fall 2023;AS Anthropology;AS.070.659;01;Proposal Writing;MacLochlainn, Scott A;08/28/2023;12/08/2023;Link;1;;;;;;;;;;;;;;;;;;;;;;;;;;;;
AE Fall 2023;AS Anthropology;AS.070.674;01;Readings in Anthropology;Mohamed, Sabine;08/28/2023;12/08/2023;Link;1;;;;;;;;;;;;;;;;;;;;;;;;;;;;
AE Fall 2023;AS Archaeology;AS.136.510;01;Archaeology Major Honors Thesis I;Schwartz, Glenn M;08/28/2023;12/08/2023;Link;1;;;;;;;;;;;;;;;;;;;;;;;;;;;;
AE Fall 2023;AS Archaeology;AS.136.510;02;Archaeology Major Honors Thesis I;Roller, Matthew;08/28/2023;12/08/2023;Link;1;;;;;;;;;;;;;;;;;;;;;;;;;;;;
AE Fall 2023;AS Archaeology;AS.136.510;03;Archaeology Major Honors Thesis I;Deleonardis, Lisa;08/28/2023;12/08/2023;Link;1;;;;;;;;;;;;;;;;;;;;;;;;;;;;
AE Fall 2023;AS Archaeology;AS.136.510;04;Archaeology Major Honors Thesis I;Harrower, Michael James;08/28/2023;12/08/2023;Link;1;;;;;;;;;;;;;;;;;;;;;;;;;;;;
AE Fall 2023;AS Archaeology;AS.136.510;05;Archaeology Major Honors Thesis I;Anderson, Emily S.K.;08/28/2023;12/08/2023;Link;1;;;;;;;;;;;;;;;;;;;;;;;;;;;;
AE Fall 2023;AS Archaeology;AS.136.510;06;Archaeology Major Honors Thesis I;Bryan, Betsy Morrell;08/28/2023;12/08/2023;Link;1;;;;;;;;;;;;;;;;;;;;;;;;;;;;
AE Fall 2023;AS Archaeology;AS.136.511;01;Archaeology Major Honors Thesis II;Schwartz, Glenn M;08/28/2023;12/08/2023;Link;1;;;;;;;;;;;;;;;;;;;;;;;;;;;;
AE Fall 2023;AS Archaeology;AS.136.511;02;Archaeology Major Honors Thesis II;Roller, Matthew;08/28/2023;12/08/2023;Link;1;;;;;;;;;;;;;;;;;;;;;;;;;;;;
AE Fall 2023;AS Archaeology;AS.136.511;03;Archaeology Major Honors Thesis II;Deleonardis, Lisa;08/28/2023;12/08/2023;Link;1;;;;;;;;;;;;;;;;;;;;;;;;;;;;
AE Fall 2023;AS Archaeology;AS.136.511;04;Archaeology Major Honors Thesis II;Anderson, Emily S.K.;08/28/2023;12/08/2023;Link;1;;;;;;;;;;;;;;;;;;;;;;;;;;;;
AE Fall 2023;AS Archaeology;AS.136.511;05;Archaeology Major Honors Thesis II;Bryan, Betsy Morrell;08/28/2023;12/08/2023;Link;1;;;;;;;;;;;;;;;;;;;;;;;;;;;;
AE Fall 2023;AS Behavioral Biology;AS.290.303;01;Animal Behavior and Communication Lab;Bohn, Kirsten M;08/28/2023;12/08/2023;Link;1;;;;;;;;;;;;;;;;;;;;;;;;;;;;
AE Fall 2023;AS Biology;AS.020.622;01;Current Topics in Modern Biology Research;Kim, John;08/28/2023;12/08/2023;Link;1;;;;;;;;;;;;;;;;;;;;;;;;;;;;
AE Fall 2023;AS Biophysics;AS.250.253;01;Protein Engineering and Biochemistry Lab;Sorenson, Jaime Lynn;08/28/2023;12/08/2023;Link;0;5;4.33;.62;1;4.4;.55;4;1;4;.71;4;1;4.4;.55;4;1;4;.82;4;1;4.6;.55;5;1;4.6;.55;5;1
AE Fall 2023;AS Biophysics;AS.250.253;02;Protein Engineering and Biochemistry Lab;Sorenson, Jaime Lynn;08/28/2023;12/08/2023;Link;0;9;3.99;1.19;.8888888888888888;3.75;1.39;4;.8888888888888888;3.57;1.62;4;.7777777777777778;4.17;.98;4.5;.7777777777777778;4;1.15;4;.7777777777777778;3.71;1.5;4;.7777777777777778;4.71;.49;5;.7777777777777778
AE Fall 2023;AS Biophysics;AS.250.253;04;Protein Engineering and Biochemistry Lab;Sorenson, Jaime Lynn;08/28/2023;12/08/2023;Link;1;;;;;;;;;;;;;;;;;;;;;;;;;;;;
AE Fall 2023;AS Biophysics;AS.250.253;05;Protein Engineering and Biochemistry Lab;Robinson, Aaron;08/28/2023;12/08/2023;Link;0;18;4.23;.98;.8333333333333334;4.33;1.23;5;.8333333333333334;4.6;.74;5;.8333333333333334;4.6;.83;5;.8333333333333334;3.36;1.28;4;.8333333333333334;3.87;1.3;4;.8333333333333334;4.6;.51;5;.8333333333333334
AE Fall 2023;AS Biophysics;AS.250.253;07;Protein Engineering and Biochemistry Lab;Robinson, Aaron;08/28/2023;12/08/2023;Link;0;11;4.28;.72;.9090909090909091;4.4;.52;4;.9090909090909091;4.7;.48;5;.9090909090909091;4.7;.48;5;.9090909090909091;3.6;1.26;4;.9090909090909091;3.9;.88;4;.9090909090909091;4.4;.7;4.5;.9090909090909091
AE Fall 2023;AS Biophysics;AS.250.253;08;Protein Engineering and Biochemistry Lab;Sorenson, Jaime Lynn;08/28/2023;12/08/2023;Link;0;6;3.58;1.04;1;3.5;1.52;3.5;1;3.33;1.21;3.5;1;4.17;.98;4.5;1;3;.89;3;1;2.67;1.21;2.5;1;4.83;.41;5;1
AE Fall 2023;AS Biophysics;AS.250.383;01;Molecular Biophysics Laboratory;Robinson, Aaron;08/28/2023;12/08/2023;Link;0;8;4.19;.66;1;4.13;.64;4;1;4.5;.76;5;1;4.63;.52;5;1;4.13;.83;4;1;3.5;.76;4;1;4.25;.46;4;1
AE Fall 2023;AS Biophysics;AS.250.421;01;Advanced Seminar in Membrane Protein Structure, Function & Pharmacology;Fleming, Karen;08/28/2023;12/08/2023;Link;0;11;4.58;.65;1;4.82;.6;5;1;4.82;.6;5;1;4.91;.3;5;1;0;0;0;1;4.45;.93;5;1;3.91;.83;4;1
AE Fall 2023;AS Center for Africana Studies;AS.362.119;01;Abolition and the University;Cumming, Daniel G.;08/28/2023;12/08/2023;Link;0;5;4.28;.49;1;4.4;.55;4;1;4.6;.89;5;1;4.6;.55;5;1;0;0;0;1;4.8;.45;5;1;3;0;3;1
AE Fall 2023;AS Center for Africana Studies;AS.362.510;01;Senior Honors in Africana Studies I;White, Alexandre Ilani Rein;08/28/2023;12/08/2023;Link;1;;;;;;;;;;;;;;;;;;;;;;;;;;;;
AE Fall 2023;AS Center for Africana Studies;AS.362.510;02;Senior Honors in Africana Studies I;Johnson, Jessica Marie;08/28/2023;12/08/2023;Link;1;;;;;;;;;;;;;;;;;;;;;;;;;;;;
AE Fall 2023;AS Center for Africana Studies;AS.362.510;03;Senior Honors in Africana Studies I;Schrader, Stuart Laurence;08/28/2023;12/08/2023;Link;1;;;;;;;;;;;;;;;;;;;;;;;;;;;;
AE Fall 2023;AS Classics;AS.040.213;01;The Painted Worlds of Early Greece:  Fantasy, Form and Action;Anderson, Emily S.K.;08/28/2023;12/08/2023;Link;0;9;4.37;.51;.7777777777777778;4.57;.53;5;.7777777777777778;4.57;.53;5;.7777777777777778;4.71;.49;5;.7777777777777778;0;0;0;.7777777777777778;4.71;.49;5;.7777777777777778;3.29;.49;3;.7777777777777778
AE Fall 2023;AS Earth & Planetary Sciences;AS.270.510;01;Senior Honors Thesis;Gnanadesikan, Anand;08/28/2023;12/08/2023;Link;1;;;;;;;;;;;;;;;;;;;;;;;;;;;;
AE Fall 2023;AS Earth & Planetary Sciences;AS.271.511;01;Senior Honors Thesis;Burgess, Jerry;08/28/2023;12/08/2023;Link;1;;;;;;;;;;;;;;;;;;;;;;;;;;;;
AE Fall 2023;AS East Asian Studies;AS.310.431;01;Senior Thesis Seminar: East Asian Studies;Andreas, Joel;08/28/2023;12/08/2023;Link;1;;;;;;;;;;;;;;;;;;;;;;;;;;;;
AE Fall 2023;AS Economics;AS.180.238;01;Rethinking Economics After the Great Recession;Norris, Floyd;08/28/2023;12/08/2023;Link;1;;;;;;;;;;;;;;;;;;;;;;;;;;;;
AE Fall 2023;AS Economics;AS.180.280;01;The History and Future of the Hedge Fund Industry;Heerdt, Kevin M.;08/28/2023;12/08/2023;Link;0;16;4.4;.64;1;4.88;.34;5;1;4.88;.34;5;1;4.69;.48;5;1;5;0;5;1;4.31;1.14;5;1;2.63;.89;2.5;1
AE Fall 2023;AS Economics;AS.180.310;01;Economics of Antitrust;Hamilton, Bruce W;08/28/2023;12/08/2023;Link;0;17;3.63;.97;1;4.53;1.01;5;1;4.59;1.06;5;1;4.29;.99;4;1;1;0;1;.9411764705882353;4.13;1.15;4;1;3.24;.66;3;1
AE Fall 2023;AS Economics;AS.180.363;01;Sex, Drugs and Dynamic Optimization: The Economics of Risky Behavior;Papageorge, Nicholas W;08/28/2023;12/08/2023;Link;0;7;4.26;.58;1;4.57;.53;5;1;4.43;.53;4;1;4.57;.53;5;1;0;0;0;1;4.43;.53;4;1;3.29;.76;3;1
AE Fall 2023;AS Economics;AS.180.369;01;Tools for Writing a Research Paper in Economics;Carroll, Christopher D;08/28/2023;12/08/2023;Link;0;9;4.48;.58;1;4.44;.73;5;1;4.78;.44;5;1;4.67;.5;5;1;4.88;.35;5;1;4.67;.71;5;1;3.44;.73;3;1
AE Fall 2023;AS Economics;AS.180.521;02;Research in Economics: Honors Thesis;Dore, Giovanna Maria Dora;08/28/2023;12/08/2023;Link;1;;;;;;;;;;;;;;;;;;;;;;;;;;;;
AE Fall 2023;AS Economics;AS.180.521;03;Research in Economics: Honors Thesis;Wright, Jonathan H;08/28/2023;12/08/2023;Link;1;;;;;;;;;;;;;;;;;;;;;;;;;;;;
AE Fall 2023;AS Economics;AS.180.521;04;Research in Economics: Honors Thesis;Ball, Laurence M;08/28/2023;12/08/2023;Link;1;;;;;;;;;;;;;;;;;;;;;;;;;;;;
AE Fall 2023;AS Economics;AS.180.521;05;Research in Economics: Honors Thesis;Jeanne, Olivier;08/28/2023;12/08/2023;Link;1;;;;;;;;;;;;;;;;;;;;;;;;;;;;
AE Fall 2023;AS Economics;AS.180.521;06;Research in Economics: Honors Thesis;Barbera, Robert;08/28/2023;12/08/2023;Link;1;;;;;;;;;;;;;;;;;;;;;;;;;;;;
AE Fall 2023;AS Economics;AS.180.521;07;Research in Economics: Honors Thesis;Papageorge, Nicholas W;08/28/2023;12/08/2023;Link;1;;;;;;;;;;;;;;;;;;;;;;;;;;;;
AE Fall 2023;AS Economics;AS.180.521;08;Research in Economics: Honors Thesis;Hwang, Yujung;08/28/2023;12/08/2023;Link;1;;;;;;;;;;;;;;;;;;;;;;;;;;;;
AE Fall 2023;AS Economics;AS.180.521;09;Research in Economics: Honors Thesis;Bianchi, Francesco;08/28/2023;12/08/2023;Link;1;;;;;;;;;;;;;;;;;;;;;;;;;;;;
AE Fall 2023;AS Economics;AS.180.521;10;Research in Economics: Honors Thesis;Moffitt, Robert A;08/28/2023;12/08/2023;Link;1;;;;;;;;;;;;;;;;;;;;;;;;;;;;
AE Fall 2023;AS Economics;AS.180.521;11;Research in Economics: Honors Thesis;Duffee, Gregory R;08/28/2023;12/08/2023;Link;1;;;;;;;;;;;;;;;;;;;;;;;;;;;;
AE Fall 2023;AS Economics;AS.180.521;12;Research in Economics: Honors Thesis;Elliott, Jonathan Tyler;08/28/2023;12/08/2023;Link;1;;;;;;;;;;;;;;;;;;;;;;;;;;;;
AE Fall 2023;AS Economics;AS.180.522;01;Senior Honors Thesis;Staff;08/28/2023;12/08/2023;Link;1;;;;;;;;;;;;;;;;;;;;;;;;;;;;
AE Fall 2023;AS Economics;AS.180.522;02;Senior Honors Thesis;Staff;08/28/2023;12/08/2023;Link;1;;;;;;;;;;;;;;;;;;;;;;;;;;;;
AE Fall 2023;AS Economics;AS.180.522;03;Senior Honors Thesis;Staff;08/28/2023;12/08/2023;Link;1;;;;;;;;;;;;;;;;;;;;;;;;;;;;
AE Fall 2023;AS Economics;AS.180.522;04;Senior Honors Thesis;Staff;08/28/2023;12/08/2023;Link;1;;;;;;;;;;;;;;;;;;;;;;;;;;;;
AE Fall 2023;AS Economics;AS.180.522;05;Senior Honors Thesis;Staff;08/28/2023;12/08/2023;Link;1;;;;;;;;;;;;;;;;;;;;;;;;;;;;
AE Fall 2023;AS Economics;AS.180.522;09;Senior Honors Thesis;Staff;08/28/2023;12/08/2023;Link;1;;;;;;;;;;;;;;;;;;;;;;;;;;;;
AE Fall 2023;AS English;AS.060.107;01;Introduction to Literary Study;Thompson, Mark C;08/28/2023;12/08/2023;Link;0;12;3.9;.79;1;4.5;.67;5;1;4.58;.51;5;1;4.33;.65;4;1;0;0;0;1;3.5;1.31;4;1;2.58;.79;3;1
AE Fall 2023;AS English;AS.060.107;02;Introduction to Literary Study;Crisostomo, Johaina K;08/28/2023;12/08/2023;Link;0;13;3.37;1.13;1;3.15;1.14;3;1;3.08;1.38;3;1;3.92;1.26;4;1;0;0;0;.9230769230769231;3.69;1.18;4;1;3;.71;3;1
AE Fall 2023;AS English;AS.060.169;01;Literature and Visual Art;Miller, Andrew;08/28/2023;12/08/2023;Link;0;7;4.54;.57;1;4.57;.53;5;1;4.86;.38;5;1;4.71;.76;5;1;0;0;0;1;4.71;.49;5;1;3.86;.6899999999999999;4;1
AE Fall 2023;AS English;AS.060.313;01;Literature of the Settler Revolution;Hickman, Jared W;08/28/2023;12/08/2023;Link;0;6;4.5;.52;1;4.67;.52;5;1;4.33;.52;4;1;4.83;.41;5;1;0;0;0;1;4.67;.52;5;1;4;.63;4;1
AE Fall 2023;AS English;AS.060.344;01;Reimagining the Past: History and Memory in Asian American Fiction;Crisostomo, Johaina K;08/28/2023;12/08/2023;Link;0;10;4.44;.64;1;4.5;.71;5;1;4.5;.71;5;1;4.7;.67;5;1;0;0;0;1;4.7;.48;5;1;3.8;.63;4;1
AE Fall 2023;AS English;AS.060.364;01;Utopias;Mao, Douglas;08/28/2023;12/08/2023;Link;0;15;4.52;.44;1;4.67;.49;5;1;4.87;.35;5;1;4.73;.46;5;1;0;0;0;1;4.86;.36;5;.9333333333333333;3.47;.52;3;1
AE Fall 2023;AS English;AS.060.375;01;Literary Studies as Data Science;Da, Nan;08/28/2023;12/08/2023;Link;1;;;;;;;;;;;;;;;;;;;;;;;;;;;;
AE Fall 2023;AS English;AS.060.397;01;Thomas Pynchon;Nealon, Christopher;08/28/2023;12/08/2023;Link;1;;;;;;;;;;;;;;;;;;;;;;;;;;;;
AE Fall 2023;AS English;AS.060.509;01;Senior Essay;Daniel, Andrew;08/28/2023;12/08/2023;Link;1;;;;;;;;;;;;;;;;;;;;;;;;;;;;
AE Fall 2023;AS English;AS.060.509;02;Senior Essay;Hickman, Jared W;08/28/2023;12/08/2023;Link;1;;;;;;;;;;;;;;;;;;;;;;;;;;;;
AE Fall 2023;AS English;AS.060.509;03;Senior Essay;Rosenthal, Jesse Karl;08/28/2023;12/08/2023;Link;1;;;;;;;;;;;;;;;;;;;;;;;;;;;;
AE Fall 2023;AS English;AS.060.509;04;Senior Essay;Mao, Douglas;08/28/2023;12/08/2023;Link;1;;;;;;;;;;;;;;;;;;;;;;;;;;;;
AE Fall 2023;AS English;AS.060.509;05;Senior Essay;Nealon, Christopher;08/28/2023;12/08/2023;Link;1;;;;;;;;;;;;;;;;;;;;;;;;;;;;
AE Fall 2023;AS English;AS.060.509;06;Senior Essay;Achinstein, Sharon;08/28/2023;12/08/2023;Link;1;;;;;;;;;;;;;;;;;;;;;;;;;;;;
AE Fall 2023;AS English;AS.060.509;07;Senior Essay;Favret, Mary;08/28/2023;12/08/2023;Link;1;;;;;;;;;;;;;;;;;;;;;;;;;;;;
AE Fall 2023;AS English;AS.060.509;08;Senior Essay;Thompson, Mark C;08/28/2023;12/08/2023;Link;1;;;;;;;;;;;;;;;;;;;;;;;;;;;;
AE Fall 2023;AS English;AS.060.509;09;Senior Essay;Miller, Andrew;08/28/2023;12/08/2023;Link;1;;;;;;;;;;;;;;;;;;;;;;;;;;;;
AE Fall 2023;AS English;AS.060.623;01;The Sentimental Imagination;Mao, Douglas;08/28/2023;12/08/2023;Link;1;;;;;;;;;;;;;;;;;;;;;;;;;;;;
AE Fall 2023;AS English;AS.060.630;01;All That Jazz: African American Literature and Music, Origins through the 1950s;Jackson, Lawrence P;08/28/2023;12/08/2023;Link;1;;;;;;;;;;;;;;;;;;;;;;;;;;;;
AE Fall 2023;AS English;AS.060.659;01;Bodies on Stage in Early Modern Drama;Daniel, Andrew;08/28/2023;12/08/2023;Link;1;;;;;;;;;;;;;;;;;;;;;;;;;;;;
AE Fall 2023;AS English;AS.060.687;01;Literature and Political Geography;Achinstein, Sharon;08/28/2023;12/08/2023;Link;1;;;;;;;;;;;;;;;;;;;;;;;;;;;;
AE Fall 2023;AS Film and Media Studies;AS.061.140;01;Introduction to Cinema, 1892-1960;Bucknell, Lucy;08/28/2023;12/08/2023;Link;0;14;3.88;.8;.9285714285714286;4.23;.83;4;.9285714285714286;4.08;1.04;4;.9285714285714286;4.31;.75;4;.9285714285714286;3.2;.84;3;.9285714285714286;4.23;.93;4;.9285714285714286;3.23;.44;3;.9285714285714286
AE Fall 2023;AS Film and Media Studies;AS.061.147;01;Visual Storytelling;Bucknell, Lucy;08/28/2023;12/08/2023;Link;0;8;4.25;.88;1;4.5;.76;5;1;4.25;1.16;5;1;4.5;.76;5;1;5;0;5;1;4.38;1.06;5;1;2.88;.64;3;1
AE Fall 2023;AS Film and Media Studies;AS.061.205;01;Introduction to Screenwriting;Sharman, Russell;08/28/2023;12/08/2023;Link;0;10;4.39;.19;.9;5;0;5;.9;5;0;5;.9;4.56;.53;5;.9;4;0;4;.9;5;0;5;.9;2.78;.44;3;.9
AE Fall 2023;AS Film and Media Studies;AS.061.226;01;Special Topics:  Writing About Film;Mason, Laura;08/28/2023;12/08/2023;Link;0;12;4.18;.68;.8333333333333334;3.89;.93;4;.75;4;.71;4;.8333333333333334;4.4;.7;4.5;.8333333333333334;0;0;0;.75;4.8;.42;5;.8333333333333334;3.8;.63;4;.8333333333333334
AE Fall 2023;AS Film and Media Studies;AS.061.373;01;Intermediate Screenwriting;Rodgers, Adam F;08/28/2023;12/08/2023;Link;0;12;4.3;.5600000000000001;1;4.67;.49;5;1;4.64;.67;5;.9166666666666666;4.58;.67;5;1;4;0;4;1;4.82;.4;5;.9166666666666666;3.09;.54;3;.9166666666666666
AE Fall 2023;AS First Year Seminars;AS.001.200;01;FYS: Great Adaptations in the Animal Kingdom;Russell, Arthur;08/28/2023;12/08/2023;Link;0;12;3.95;.7;1;4.75;.45;5;1;4.75;.62;5;1;4.25;.75;4;1;0;0;0;1;4.33;.78;4.5;1;1.67;.89;1.5;1
AE Fall 2023;AS First Year Seminars;AS.001.200;01;FYS: Great Adaptations in the Animal Kingdom;Moss, Cynthia;08/28/2023;12/08/2023;Link;0;12;3.97;.65;1;4.75;.45;5;1;4.89;.39;5;1;4.25;.75;4;1;0;0;0;1;4.33;.78;4.5;1;1.67;.89;1.5;1
AE Fall 2023;AS History;AS.100.102;01;The Medieval World;Lester, Anne;08/28/2023;12/08/2023;Link;0;11;4.06;.87;.9090909090909091;4;.82;4;.9090909090909091;4.2;.92;4;.9090909090909091;4.33;.71;4;.9090909090909091;4.3;.95;4.5;.9090909090909091;3.9;1.29;4;.9090909090909091;3.6;.52;4;.9090909090909091
AE Fall 2023;AS History;AS.100.102;02;The Medieval World;Lester, Anne;08/28/2023;12/08/2023;Link;0;8;4.35;.78;1;4.25;.89;4.5;1;4.43;.98;5;.875;4.43;.79;5;.875;4.57;.79;5;.875;4.71;.49;5;.875;3.71;.76;4;.875
AE Fall 2023;AS History;AS.100.102;03;The Medieval World;Lester, Anne;08/28/2023;12/08/2023;Link;1;;;;;;;;;;;;;;;;;;;;;;;;;;;;
AE Fall 2023;AS History;AS.100.102;04;The Medieval World;Lester, Anne;08/28/2023;12/08/2023;Link;1;;;;;;;;;;;;;;;;;;;;;;;;;;;;
AE Fall 2023;AS History;AS.100.293;01;Historical Methods, Archives and Interpretations;Maciejko, Pawel Tadeusz;08/28/2023;12/08/2023;Link;0;17;4.3;.8;.8823529411764706;3.87;.83;4;.8823529411764706;4.07;.96;4;.8823529411764706;4.53;.83;5;.8823529411764706;4.87;.35;5;.8823529411764706;4.08;1.19;5;.8823529411764706;4.4;.63;4;.8823529411764706
AE Fall 2023;AS History;AS.100.301;01;America after the Civil Rights Movement;Connolly, Nathan D;08/28/2023;12/08/2023;Link;0;22;4.05;.84;.9545454545454546;4.38;.86;5;.9545454545454546;4.45;.89;5;.9545454545454546;4.38;.74;5;.9545454545454546;0;0;0;.9545454545454546;3.9;.91;4;.9545454545454546;3.14;.79;3;.9545454545454546
AE Fall 2023;AS History;AS.100.302;01;History of the French-Algerian War, 1954-1962;Shepard, Todd;08/28/2023;12/08/2023;Link;1;;;;;;;;;;;;;;;;;;;;;;;;;;;;
AE Fall 2023;AS History;AS.100.321;01;Political Thought and Social Transformation in the Haitian Revolution and Early Independent Mexico, c. 1789-1850;Borocz-Johnson, Lee Michael;08/28/2023;12/08/2023;Link;0;6;3.8;.73;1;4.17;.75;4;1;4;.63;4;1;3.83;.75;4;1;0;0;0;1;4;.89;4;1;3;.63;3;1
AE Fall 2023;AS History;AS.100.327;01;The Islamic Age of Empires: The Ottomans, the Mughals, and the Safavids;Noor, Rao Mohsin Ali;08/28/2023;12/08/2023;Link;0;12;4.09;.66;.9166666666666666;4.45;.52;4;.9166666666666666;4.18;.87;4;.9166666666666666;4.45;.52;4;.9166666666666666;4;0;4;.9166666666666666;4;.71;4;.9166666666666666;3.45;.6899999999999999;3;.9166666666666666
AE Fall 2023;AS History;AS.100.347;01;Early Modern China;Rowe, William T;08/28/2023;12/08/2023;Link;0;17;4.28;.63;1;4.35;.7;4;1;4.41;.87;5;1;4.29;.85;5;1;4.88;.33;5;1;4.76;.44;5;1;3;.61;3;1
AE Fall 2023;AS History;AS.100.360;01;The Modern British World: Imperial Encounters, Regimes, and Resistance, from the American Revolution to the present;Hindmarch-Watson, Katie;08/28/2023;12/08/2023;Link;0;10;4;1.06;1;4;.9399999999999999;4;1;4.4;.97;5;1;4;.9399999999999999;4;1;5;0;5;1;3.5;1.58;4;1;3.1;.88;3;1
AE Fall 2023;AS History;AS.100.413;01;London 1580-1830: The History of Britain's capital city;Marshall, John W;08/28/2023;12/08/2023;Link;0;23;4.46;.48;1;4.7;.5600000000000001;5;1;4.83;.39;5;1;4.65;.49;5;1;4.5;.58;4.5;1;4.87;.34;5;1;3.22;.52;3;1
AE Fall 2023;AS History;AS.100.450;04;History Research Lab;Johnson, Jessica Marie;08/28/2023;12/08/2023;Link;1;;;;;;;;;;;;;;;;;;;;;;;;;;;;
AE Fall 2023;AS History;AS.100.450;09;History Research Lab;Johnson, Jessica Marie;08/28/2023;12/08/2023;Link;1;;;;;;;;;;;;;;;;;;;;;;;;;;;;
AE Fall 2023;AS History;AS.100.507;01;Senior Honors Thesis;Harms, Victoria Elizabeth;08/28/2023;12/08/2023;Link;1;;;;;;;;;;;;;;;;;;;;;;;;;;;;
AE Fall 2023;AS History of Art;AS.010.101;01;Introduction to Art History, Pre-1400;Stager, Jennifer M S;08/28/2023;12/08/2023;Link;0;6;4.44;.39;1;5;0;5;1;4.67;.52;5;1;4.67;.52;5;1;4.83;.41;5;1;4.67;.52;5;1;2.83;.41;3;1
AE Fall 2023;AS History of Art;AS.010.101;02;Introduction to Art History, Pre-1400;Stager, Jennifer M S;08/28/2023;12/08/2023;Link;0;11;4.07;.87;.9090909090909091;4.3;.82;4.5;.9090909090909091;4.2;1.03;4.5;.9090909090909091;3.9;.88;4;.9090909090909091;4.7;.67;5;.9090909090909091;4.2;1.48;5;.9090909090909091;3.1;.32;3;.9090909090909091
AE Fall 2023;AS History of Art;AS.010.238;01;The Painting of Modern Life: From the Avant-garde to the Everyday;Schopp, Caroline Lillian;08/28/2023;12/08/2023;Link;0;13;4.21;.83;1;4.46;.66;5;1;4.46;.78;5;1;4.46;.88;5;1;4.62;.65;5;1;4.15;1.28;5;1;3.08;.76;3;1
AE Fall 2023;AS History of Art;AS.010.256;01;Rembrandt;Hyman, Aaron M.;08/28/2023;12/08/2023;Link;1;;;;;;;;;;;;;;;;;;;;;;;;;;;;
AE Fall 2023;AS History of Art;AS.010.468;01;What is in a Landscape;Liu, Yinxing;08/28/2023;12/08/2023;Link;0;4;4.27;.46;.75;4.33;.58;4;.75;4.67;.58;5;.75;4.67;.58;5;.75;0;0;0;.75;5;0;5;.75;2.67;.58;3;.75
AE Fall 2023;AS History of Art;AS.010.469;01;Quarried, Sculpted, Carved: Lifecycles of Mesoamerican Sculpture;Popovici, Catherine;08/28/2023;12/08/2023;Link;0;11;4.72;.14;.9090909090909091;4.9;.32;5;.9090909090909091;5;0;5;.9090909090909091;5;0;5;.9090909090909091;5;0;5;.9090909090909091;5;0;5;.8181818181818182;3.43;.53;3;.8181818181818182
AE Fall 2023;AS History of Art;AS.010.521;01;Honors Thesis;Campbell, Stephen;08/28/2023;12/08/2023;Link;1;;;;;;;;;;;;;;;;;;;;;;;;;;;;
AE Fall 2023;AS History of Art;AS.010.521;02;Honors Thesis;Feldman, Marian;08/28/2023;12/08/2023;Link;1;;;;;;;;;;;;;;;;;;;;;;;;;;;;
AE Fall 2023;AS History of Art;AS.010.521;03;Honors Thesis;Merback, Mitchell;08/28/2023;12/08/2023;Link;1;;;;;;;;;;;;;;;;;;;;;;;;;;;;
AE Fall 2023;AS History of Art;AS.010.521;04;Honors Thesis;Liu, Yinxing;08/28/2023;12/08/2023;Link;1;;;;;;;;;;;;;;;;;;;;;;;;;;;;
AE Fall 2023;AS History of Art;AS.010.521;05;Honors Thesis;Hyman, Aaron M.;08/28/2023;12/08/2023;Link;1;;;;;;;;;;;;;;;;;;;;;;;;;;;;
AE Fall 2023;AS History of Art;AS.010.521;06;Honors Thesis;Schopp, Caroline Lillian;08/28/2023;12/08/2023;Link;1;;;;;;;;;;;;;;;;;;;;;;;;;;;;
AE Fall 2023;AS History of Art;AS.010.521;08;Honors Thesis;Zchomelidse, Nino;08/28/2023;12/08/2023;Link;1;;;;;;;;;;;;;;;;;;;;;;;;;;;;
AE Fall 2023;AS History of Art;AS.010.521;09;Honors Thesis;Anderson, Emily S.K.;08/28/2023;12/08/2023;Link;1;;;;;;;;;;;;;;;;;;;;;;;;;;;;
AE Fall 2023;AS History of Art;AS.010.521;10;Honors Thesis;Brown, Rebecca Mary;08/28/2023;12/08/2023;Link;1;;;;;;;;;;;;;;;;;;;;;;;;;;;;
AE Fall 2023;AS History of Art;AS.010.521;11;Honors Thesis;Deleonardis, Lisa;08/28/2023;12/08/2023;Link;1;;;;;;;;;;;;;;;;;;;;;;;;;;;;
AE Fall 2023;AS History of Art;AS.010.521;12;Honors Thesis;Stager, Jennifer M S;08/28/2023;12/08/2023;Link;1;;;;;;;;;;;;;;;;;;;;;;;;;;;;
AE Fall 2023;AS History of Art;AS.010.521;13;Honors Thesis;Rustem, Unver;08/28/2023;12/08/2023;Link;1;;;;;;;;;;;;;;;;;;;;;;;;;;;;
AE Fall 2023;AS History of Art;AS.010.668;01;What is in a Landscape;Liu, Yinxing;08/28/2023;12/08/2023;Link;1;;;;;;;;;;;;;;;;;;;;;;;;;;;;
AE Fall 2023;AS History of Art;AS.010.730;01;Vulnerable Images;Merback, Mitchell;08/28/2023;12/08/2023;Link;1;;;;;;;;;;;;;;;;;;;;;;;;;;;;
AE Fall 2023;AS History of Science, Medicine, and Technology;AS.140.347;01;History Of Genetics;Comfort, Nathaniel;08/28/2023;12/08/2023;Link;0;15;4.57;.49;.8666666666666667;4.69;.48;5;.8666666666666667;4.77;.44;5;.8666666666666667;4.85;.38;5;.8666666666666667;4.83;.58;5;.8666666666666667;4.92;.28;5;.8666666666666667;3.38;.77;4;.8666666666666667
AE Fall 2023;AS History of Science, Medicine, and Technology;AS.140.621;01;Historiography in Science, Medicine, and Technology Studies;Frumer, Yulia;08/28/2023;12/08/2023;Link;1;;;;;;;;;;;;;;;;;;;;;;;;;;;;
AE Fall 2023;AS Interdepartmental;AS.360.410;01;Humanities Research Lab: The Dutch Americas;Hyman, Aaron M.;08/28/2023;12/08/2023;Link;1;;;;;;;;;;;;;;;;;;;;;;;;;;;;
AE Fall 2023;AS Interdepartmental;AS.360.610;01;Humanities Research Lab: The Dutch Americas;Hyman, Aaron M.;08/28/2023;12/08/2023;Link;1;;;;;;;;;;;;;;;;;;;;;;;;;;;;
AE Fall 2023;AS Mathematics;AS.110.303;88;The Mathematics of Politics, Democracy, and Social Choice;Ratigan, Christopher J;08/28/2023;12/08/2023;Link;0;21;3.85;1.04;.9523809523809523;4.1;1.12;4;.9523809523809523;4;1.2;4;.9523809523809523;3.85;1.04;4;.9523809523809523;0;0;0;.9523809523809523;4.21;1.08;5;.9047619047619048;3.11;.74;3;.9047619047619048
AE Fall 2023;AS Medicine, Science and the Humanities;AS.145.207;01;Automating Care: Digital Technology and the Future of Medicine;Puglionesi, Alicia;08/28/2023;12/08/2023;Link;1;;;;;;;;;;;;;;;;;;;;;;;;;;;;
AE Fall 2023;AS Medicine, Science and the Humanities;AS.145.219;01;Science Studies and Medical Humanities: Theory and Methods;Labruto, Nicole;08/28/2023;12/08/2023;Link;0;18;4.1;.89;1;4.56;.98;5;1;4.78;.9399999999999999;5;1;4.39;.98;5;1;0;0;0;1;3.67;1.08;4;1;3.11;.47;3;1
AE Fall 2023;AS Military Science;AS.374.301;01;Training Management and the Warfighting Functions;Bangsboll, Brandon;08/28/2023;12/08/2023;Link;1;;;;;;;;;;;;;;;;;;;;;;;;;;;;
AE Fall 2023;AS Military Science;AS.374.301;02;Training Management and the Warfighting Functions;Bangsboll, Brandon;08/28/2023;12/08/2023;Link;1;;;;;;;;;;;;;;;;;;;;;;;;;;;;
AE Fall 2023;AS Military Science;AS.374.307;01;Leadership in Military History;Bangsboll, Brandon;08/28/2023;12/08/2023;Link;1;;;;;;;;;;;;;;;;;;;;;;;;;;;;
AE Fall 2023;AS Modern Languages and Literatures;AS.210.301;01;Advanced French for Writing;Cook-Gailloud, Kristin;08/28/2023;12/08/2023;Link;0;9;4.18;.74;1;4.56;.53;5;1;4.33;1;5;1;4.11;1.05;4;1;0;0;0;.8888888888888888;4.75;.46;5;.8888888888888888;3.13;.64;3;.8888888888888888
AE Fall 2023;AS Modern Languages and Literatures;AS.210.301;02;Advanced French for Writing;Cook-Gailloud, Kristin;08/28/2023;12/08/2023;Link;0;6;3.93;.77;1;4.33;.82;4.5;1;4.33;.82;4.5;1;4;.63;4;1;0;0;0;1;4.17;1.17;4.5;1;2.83;.41;3;1
AE Fall 2023;AS Modern Languages and Literatures;AS.210.301;03;Advanced French for Writing;Cook-Gailloud, Kristin;08/28/2023;12/08/2023;Link;1;;;;;;;;;;;;;;;;;;;;;;;;;;;;
AE Fall 2023;AS Modern Languages and Literatures;AS.210.313;01;Medical Spanish;Ramos, Maria Del Rosario;08/28/2023;12/08/2023;Link;0;11;4.22;.76;1;4.73;.65;5;1;4;1;4;1;4.36;.8100000000000001;5;1;0;0;0;1;4.64;.67;5;1;3.36;.67;3;1
AE Fall 2023;AS Modern Languages and Literatures;AS.210.313;01;Medical Spanish;Torres Burgos, Carmen;08/28/2023;12/08/2023;Link;0;11;4.36;.6899999999999999;1;4.73;.65;5;1;4.73;.65;5;1;4.36;.8100000000000001;5;1;0;0;0;1;4.64;.67;5;1;3.36;.67;3;1
AE Fall 2023;AS Modern Languages and Literatures;AS.210.313;02;Medical Spanish;Ramos, Maria Del Rosario;08/28/2023;12/08/2023;Link;0;11;4.52;.54;.9090909090909091;4.6;.52;5;.9090909090909091;5;0;5;.9090909090909091;4.5;.53;4.5;.9090909090909091;0;0;0;.9090909090909091;4.8;.42;5;.9090909090909091;3.7;.67;4;.9090909090909091
AE Fall 2023;AS Modern Languages and Literatures;AS.210.313;02;Medical Spanish;Torres Burgos, Carmen;08/28/2023;12/08/2023;Link;0;11;4.48;.51;.9090909090909091;4.6;.52;5;.9090909090909091;4.8;.42;5;.9090909090909091;4.5;.53;4.5;.9090909090909091;0;0;0;.9090909090909091;4.8;.42;5;.9090909090909091;3.7;.67;4;.9090909090909091
AE Fall 2023;AS Modern Languages and Literatures;AS.210.317;01;Adv Spanish Composition;Hubbard, Aranzazu;08/28/2023;12/08/2023;Link;0;4;4.6;.32;1;5;0;5;1;5;0;5;1;4.75;.5;5;1;0;0;0;1;5;0;5;1;3.5;.58;3.5;1
AE Fall 2023;AS Modern Languages and Literatures;AS.210.317;01;Adv Spanish Composition;Martinez-Velez, Naiara;08/28/2023;12/08/2023;Link;0;4;4.65;.22;1;5;0;5;1;4.75;.5;5;1;4.75;.5;5;1;0;0;0;1;5;0;5;1;3.5;.58;3.5;1
AE Fall 2023;AS Modern Languages and Literatures;AS.210.318;01;Spanish for Engineering;Martinez-Velez, Naiara;08/28/2023;12/08/2023;Link;0;5;4.44;.42;1;4.6;.55;5;1;4.8;.45;5;1;4.4;.55;4;1;0;0;0;1;5;0;5;1;3.4;.55;3;1
AE Fall 2023;AS Modern Languages and Literatures;AS.210.320;01;Advanced Modern Hebrew I;Bessire, Mirit;08/28/2023;12/08/2023;Link;1;;;;;;;;;;;;;;;;;;;;;;;;;;;;
AE Fall 2023;AS Modern Languages and Literatures;AS.210.351;01;Advanced Italian I;Zannirato, Alessandro;08/28/2023;12/08/2023;Link;0;7;4.62;.39;1;4.86;.38;5;1;4.8;.45;5;1;4.71;.49;5;1;5;0;5;1;5;0;5;1;3.14;1.07;3;1
AE Fall 2023;AS Modern Languages and Literatures;AS.210.351;01;Advanced Italian I;Franzini, Martina;08/28/2023;12/08/2023;Link;0;7;4.59;.48;1;4.86;.38;5;1;5;0;5;1;4.71;.49;5;1;5;0;5;1;5;0;5;1;3.14;1.07;3;1
AE Fall 2023;AS Modern Languages and Literatures;AS.210.361;01;Advanced German I: Cultural Topics of the Modern German-speaking World;Mifflin, Deborah McGee;08/28/2023;12/08/2023;Link;0;5;3.96;.85;1;4;.71;4;1;4;.71;4;1;4.2;1.1;5;1;0;0;0;1;4.4;.89;5;1;3.2;.84;3;1
AE Fall 2023;AS Modern Languages and Literatures;AS.210.361;02;Advanced German I: Cultural Topics of the Modern German-speaking World;Staff;08/28/2023;12/08/2023;Link;1;;;;;;;;;;;;;;;;;;;;;;;;;;;;
AE Fall 2023;AS Modern Languages and Literatures;AS.210.392;01;Advanced Portuguese II;De Azeredo Cerqueira, Flavia Christina;08/28/2023;12/08/2023;Link;1;;;;;;;;;;;;;;;;;;;;;;;;;;;;
AE Fall 2023;AS Modern Languages and Literatures;AS.210.411;01;Contacts and Contrasts in Spanish for the Professions;Ramos, Maria Del Rosario;08/28/2023;12/08/2023;Link;0;11;4.36;.6;1;4.64;.67;5;1;4.64;.67;5;1;4.64;.67;5;1;0;0;0;1;4.64;.5;5;1;3.27;.47;3;1
AE Fall 2023;AS Modern Languages and Literatures;AS.210.411;02;Contacts and Contrasts in Spanish for the Professions;Ramos, Maria Del Rosario;08/28/2023;12/08/2023;Link;0;6;4.33;.6899999999999999;1;4.67;.52;5;1;4.67;.82;5;1;4.67;.52;5;1;0;0;0;1;4.5;.84;5;1;3.17;.75;3;1
AE Fall 2023;AS Modern Languages and Literatures;AS.210.412;01;Community Based Learning - Spanish Language Practicum;Sanchez, Loreto;08/28/2023;12/08/2023;Link;0;8;4.3;.53;.875;4.71;.49;5;.875;4.57;.53;5;.875;4.83;.41;5;.875;4;0;4;.875;5;0;5;.75;2.67;1.21;2.5;.75
AE Fall 2023;AS Modern Languages and Literatures;AS.210.412;02;Community Based Learning - Spanish Language Practicum;Sanchez, Loreto;08/28/2023;12/08/2023;Link;1;;;;;;;;;;;;;;;;;;;;;;;;;;;;
AE Fall 2023;AS Modern Languages and Literatures;AS.210.417;01;Eloquent French;Cook-Gailloud, Kristin;08/28/2023;12/08/2023;Link;0;10;4.38;.7;.9;4.67;.71;5;.9;4.56;1.01;5;.9;4.67;.5;5;.9;0;0;0;.9;4.78;.44;5;.9;3.22;.83;3;.9
AE Fall 2023;AS Modern Languages and Literatures;AS.211.265;01;Panorama of German Thought;Jelavich, Peter;08/28/2023;12/08/2023;Link;0;9;4.29;.54;.8888888888888888;4.75;.46;5;.8888888888888888;4.63;.52;5;.8888888888888888;55.75;.46;5;.8888888888888888;0;0;0;.8888888888888888;4.57;.53;5;.8888888888888888;2.75;.71;3;.8888888888888888
AE Fall 2023;AS Modern Languages and Literatures;AS.211.323;01;Bees, Bugs, and other Beasties: Insects in Literature;Frey, Christiane;08/28/2023;12/08/2023;Link;0;6;4.17;.85;1;4.33;.82;4.5;1;4.5;.84;5;1;4.5;.55;4.5;1;4.33;.82;4.5;1;4;1.55;4.5;1;3.33;.52;3;1
AE Fall 2023;AS Modern Languages and Literatures;AS.211.386;01;Italian Cinema;Di Bianco, Laura;08/28/2023;12/08/2023;Link;0;12;4.2;1.07;1;4.5;1.17;5;1;4.5;1.17;5;1;4;1.28;4.5;1;4.58;.9;5;1;4.55;1.21;5;1;3.09;.7;3;1
AE Fall 2023;AS Modern Languages and Literatures;AS.211.394;01;Brazilian Culture & Civilization;De Azeredo Cerqueira, Flavia Christina;08/28/2023;12/08/2023;Link;0;21;4.46;.62;.9047619047619048;4.79;.54;5;.9047619047619048;4.84;.5;5;.9047619047619048;4.63;.5;5;.9047619047619048;4.3;.67;4;.9047619047619048;4.79;.54;5;.9047619047619048;3.42;.96;3;.9047619047619048
AE Fall 2023;AS Modern Languages and Literatures;AS.211.394;02;Brazilian Culture & Civilization;De Azeredo Cerqueira, Flavia Christina;08/28/2023;12/08/2023;Link;1;;;;;;;;;;;;;;;;;;;;;;;;;;;;
AE Fall 2023;AS Modern Languages and Literatures;AS.211.454;01;The Art, Craft, and Science of Translation;Zannirato, Alessandro;08/28/2023;12/08/2023;Link;0;5;4.73;.11;1;5;0;5;1;5;0;5;1;5;0;5;1;5;0;5;1;5;0;5;1;3.4;.55;3;1
AE Fall 2023;AS Modern Languages and Literatures;AS.212.333;01;Introduction à la littérature française I;Russo, Elena;08/28/2023;12/08/2023;Link;1;;;;;;;;;;;;;;;;;;;;;;;;;;;;
AE Fall 2023;AS Modern Languages and Literatures;AS.212.333;02;Introduction à la littérature française I;Anderson, Wilda;08/28/2023;12/08/2023;Link;1;;;;;;;;;;;;;;;;;;;;;;;;;;;;
AE Fall 2023;AS Modern Languages and Literatures;AS.212.456;01;Philosophical Journeys, Real Encounters;Russo, Elena;08/28/2023;12/08/2023;Link;1;;;;;;;;;;;;;;;;;;;;;;;;;;;;
AE Fall 2023;AS Near Eastern Studies;AS.130.250;01;Clapping Rivers, Talking Snakes: Nature in the Hebrew Bible and Ancient Middle East;Cooper, Stephanie Lynn;08/28/2023;12/08/2023;Link;0;8;4.29;.83;.875;4.71;.76;5;.875;4.71;.76;5;.875;4.29;.76;4;.875;0;0;0;.875;4.43;.79;5;.875;3.29;1.11;3;.875
AE Fall 2023;AS Neuroscience;AS.080.329;01;Current Topics in Peripheral Neuropathies and Nerve Diseases;Farah, Mohamed H;08/28/2023;12/08/2023;Link;1;;;;;;;;;;;;;;;;;;;;;;;;;;;;
AE Fall 2023;AS Neuroscience;AS.080.349;01;Neural Oscillations, Cognition and Disease;Ross, Robert S;08/28/2023;12/08/2023;Link;0;16;4.45;.64;1;4.63;.72;5;1;4.56;.73;5;1;4.69;.6;5;1;0;0;0;1;4.75;.45;5;1;3.63;.72;3.5;1
AE Fall 2023;AS Philosophy;AS.150.219;01;Introduction to Bioethics;Bok, Hilary;08/28/2023;12/08/2023;Link;0;13;3.78;.92;.9230769230769231;3.42;1.24;4;.9230769230769231;3.5;1.09;3;.9230769230769231;3.92;.9;4;.9230769230769231;4.42;.67;4.5;.9230769230769231;4.08;1;4;.9230769230769231;3.33;.65;3;.9230769230769231
AE Fall 2023;AS Philosophy;AS.150.219;02;Introduction to Bioethics;Bok, Hilary;08/28/2023;12/08/2023;Link;0;15;4.06;.84;.8666666666666667;3.92;.9;4;.8;3.67;1.07;4;.8;4.25;.87;4.5;.8;4.58;.9;5;.8666666666666667;4.54;.66;5;.8666666666666667;3.38;.65;3;.8666666666666667
AE Fall 2023;AS Philosophy;AS.150.219;03;Introduction to Bioethics;Bok, Hilary;08/28/2023;12/08/2023;Link;0;14;3.73;1.07;1;3.21;1.37;3;1;2.79;1.19;3;1;3.62;1.39;4;.9285714285714286;4.71;.61;5;1;4.29;1.14;5;1;3.79;.7;4;1
AE Fall 2023;AS Philosophy;AS.150.219;04;Introduction to Bioethics;Bok, Hilary;08/28/2023;12/08/2023;Link;0;10;4.13;.78;.9;4.22;.83;4;.9;4;.87;4;.9;4.22;.83;4;.9;4.33;.87;5;.9;4.56;.53;5;.9;3.44;.73;3;.9
AE Fall 2023;AS Philosophy;AS.150.219;05;Introduction to Bioethics;Bok, Hilary;08/28/2023;12/08/2023;Link;0;7;3.57;1.02;1;3.29;1.11;4;1;3.14;1.35;3;1;4.29;.49;4;1;4;.63;4;.8571428571428571;3.14;1.57;3;1;3.57;.98;3;1
AE Fall 2023;AS Philosophy;AS.150.219;06;Introduction to Bioethics;Bok, Hilary;08/28/2023;12/08/2023;Link;0;14;3.94;.72;1;3.71;.73;4;1;3.29;1.07;3.5;1;4;.78;4;1;4.79;.58;5;1;4.69;.48;5;.9285714285714286;3.15;.6899999999999999;3;.9285714285714286
AE Fall 2023;AS Philosophy;AS.150.219;07;Introduction to Bioethics;Bok, Hilary;08/28/2023;12/08/2023;Link;0;7;3.43;1.21;1;3.57;1.27;4;1;3.43;1.4;4;1;4.14;.6899999999999999;4;1;3.29;1.25;4;1;3.43;1.72;4;1;2.71;.95;2;1
AE Fall 2023;AS Philosophy;AS.150.219;08;Introduction to Bioethics;Bok, Hilary;08/28/2023;12/08/2023;Link;1;;;;;;;;;;;;;;;;;;;;;;;;;;;;
AE Fall 2023;AS Philosophy;AS.150.219;09;Introduction to Bioethics;Bok, Hilary;08/28/2023;12/08/2023;Link;0;13;3.85;.79;.9230769230769231;3.33;.78;3;.9230769230769231;3.58;1.08;3.5;.9230769230769231;4;.85;4;.9230769230769231;4.33;.65;4;.9230769230769231;4.58;.51;5;.9230769230769231;3.25;.87;3;.9230769230769231
AE Fall 2023;AS Philosophy;AS.150.219;10;Introduction to Bioethics;Bok, Hilary;08/28/2023;12/08/2023;Link;0;6;3.89;.75;1;3.5;.55;3.5;1;3.5;1.05;3.5;1;3.67;.82;3.5;1;4.83;.41;5;1;4.67;.52;5;1;3.17;1.17;3;1
AE Fall 2023;AS Philosophy;AS.150.219;11;Introduction to Bioethics;Bok, Hilary;08/28/2023;12/08/2023;Link;0;7;3.64;1.08;1;4;.82;4;1;3.29;1.38;4;1;3.71;.49;4;1;3.86;1.46;5;1;4;1.73;5;1;3;.58;3;1
AE Fall 2023;AS Philosophy;AS.150.219;12;Introduction to Bioethics;Bok, Hilary;08/28/2023;12/08/2023;Link;0;6;3.94;.68;1;3.5;.55;3.5;1;3.5;1.05;3.5;1;4;.63;4;1;4.67;.52;5;1;4.33;.52;4;1;3.67;.82;3.5;1
AE Fall 2023;AS Philosophy;AS.150.333;01;An Iconoclast in Islamic Philosophy: Abu Bakr al-Razi;Gungor, Huseyin;08/28/2023;12/08/2023;Link;1;;;;;;;;;;;;;;;;;;;;;;;;;;;;
AE Fall 2023;AS Philosophy;AS.150.338;01;The Philosophy of Conspiracy Theories;Ross, Ryan Daniel;08/28/2023;12/08/2023;Link;0;18;3.95;.66;1;4.22;.73;4;1;4.39;.5;4;1;3.83;.86;4;1;0;0;0;.8888888888888888;4.71;.59;5;.9444444444444444;2.59;.62;3;.9444444444444444
AE Fall 2023;AS Philosophy;AS.150.345;01;Me, Myself, and I: Personal Identity and the Self;Ringer, Sonya Maxine;08/28/2023;12/08/2023;Link;0;18;4.53;.31;1;4.94;.24;5;1;4.94;.24;5;1;4.83;.38;5;1;0;0;0;1;4.83;.38;5;1;3.11;.32;3;1
AE Fall 2023;AS Political Science;AS.190.254;01;Democratic Political Theory;Phillips, Charles;08/28/2023;12/08/2023;Link;0;13;4.64;.51;.9230769230769231;4.67;.49;5;.9230769230769231;4.83;.58;5;.9230769230769231;4.75;.45;5;.9230769230769231;5;0;5;.9230769230769231;4.83;.39;5;.9230769230769231;3.75;.62;4;.9230769230769231
AE Fall 2023;AS Political Science;AS.190.306;01;Latin American Politics and Society in Comparative and Historical Prespective;Mazzuca, Sebastian L;08/28/2023;12/08/2023;Link;1;;;;;;;;;;;;;;;;;;;;;;;;;;;;
AE Fall 2023;AS Political Science;AS.190.405;01;Food Politics;Sheingate, Adam;08/28/2023;12/08/2023;Link;0;18;4.39;.57;.9444444444444444;4.71;.47;5;.9444444444444444;4.76;.44;5;.9444444444444444;4.59;.62;5;.9444444444444444;4.5;.71;4.5;.9444444444444444;4.47;.72;5;.9444444444444444;3.29;.47;3;.9444444444444444
AE Fall 2023;AS Political Science;AS.190.437;01;Race and Ethnic Politics in the United States;Weaver, Vesla;08/28/2023;12/08/2023;Link;0;15;4.6;.44;1;4.8;.41;5;1;4.73;.46;5;1;4.8;.41;5;1;0;0;0;1;4.73;.46;5;1;3.93;.46;4;1
AE Fall 2023;AS Political Science;AS.190.458;01;Climate Geopolitics:  New-Zero Industrial Policy and World Order;Allan, Bentley;08/28/2023;12/08/2023;Link;0;9;4.2;.82;1;4.33;.71;4;1;4.13;.99;4.5;.8888888888888888;4.38;.74;4.5;.8888888888888888;5;0;5;.8888888888888888;4;1.15;4;.7777777777777778;3.38;.52;3;.8888888888888888
AE Fall 2023;AS Political Science;AS.190.498;01;Thesis Colloquium;Sheingate, Adam;08/28/2023;12/08/2023;Link;0;7;4.46;.37;1;4.86;.38;5;1;4.86;.38;5;1;4.57;.53;5;1;0;0;0;1;5;0;5;1;3;.58;3;1
AE Fall 2023;AS Political Science;AS.191.365;01;The Political History of Police;Saxton, Stephanie Alexandra;08/28/2023;12/08/2023;Link;0;18;4.33;.51;.9444444444444444;4.47;.62;5;.9444444444444444;4.41;.62;4;.9444444444444444;4.71;.47;5;.9444444444444444;0;0;0;.9444444444444444;4.88;.33;5;.9444444444444444;3.18;.53;3;.9444444444444444
AE Fall 2023;AS Political Science;AS.191.370;01;(Mis)Measuring Human Progress;Trasi, Aila;08/28/2023;12/08/2023;Link;0;12;4.25;.77;.9166666666666666;4.45;.93;5;.9166666666666666;4.45;.93;5;.9166666666666666;4.27;1.01;5;.9166666666666666;0;0;0;.9166666666666666;4.73;.47;5;.9166666666666666;3.36;.5;3;.9166666666666666
AE Fall 2023;AS Psychological & Brain Sciences;AS.200.200;01;Research Methods in Psychology;Bowen, Jeffrey D;08/28/2023;12/08/2023;Link;0;20;4.31;.76;.95;3.94;1.09;4;.85;3.89;1.13;4;.9;4.39;.85;5;.9;4.89;.32;5;.9;4.78;.43;5;.9;4;.77;4;.9
AE Fall 2023;AS Psychological & Brain Sciences;AS.200.200;02;Research Methods in Psychology;Bowen, Jeffrey D;08/28/2023;12/08/2023;Link;0;19;4.12;.79;.9473684210526315;3.73;1.16;3;.8421052631578947;3.67;1.4;4;.8421052631578947;3.67;.9;4;.8421052631578947;4.93;.26;5;.8421052631578947;4.93;.26;5;.8421052631578947;3.8;.77;4;.8421052631578947
AE Fall 2023;AS Psychological & Brain Sciences;AS.200.200;03;Research Methods in Psychology;Bowen, Jeffrey D;08/28/2023;12/08/2023;Link;0;19;3.71;.77;1;3.65;.61;4;.9473684210526315;3.94;.83;4;.9473684210526315;3.88;.86;4;.9473684210526315;3.06;.9399999999999999;3;.9473684210526315;4.12;.78;4;.9473684210526315;3.63;.62;4;.8947368421052632
AE Fall 2023;AS Psychological & Brain Sciences;AS.200.200;04;Research Methods in Psychology;Bowen, Jeffrey D;08/28/2023;12/08/2023;Link;0;21;4.06;.93;1;3.81;1.12;4;1;4;1.12;4;.9523809523809523;3.81;1.21;4;1;4.7;.66;5;.9523809523809523;4.58;.61;5;.9047619047619048;3.47;.84;4;.9047619047619048
AE Fall 2023;AS Psychological & Brain Sciences;AS.200.200;05;Research Methods in Psychology;Bowen, Jeffrey D;08/28/2023;12/08/2023;Link;0;19;4.03;.91;.8947368421052632;3.59;1.06;4;.8947368421052632;3.94;1.18;4;.8421052631578947;3.94;1.06;4;.8421052631578947;4.31;.7;4;.8421052631578947;4.63;.62;5;.8421052631578947;3.75;.86;4;.8421052631578947
AE Fall 2023;AS Psychological & Brain Sciences;AS.200.200;06;Research Methods in Psychology;Bowen, Jeffrey D;08/28/2023;12/08/2023;Link;0;20;4.17;.84;1;3.85;1.18;4;1;4.1;1.07;4;1;4.05;.6899999999999999;4;1;4.7;.57;5;1;4.6;.68;5;1;3.7;.86;4;1
AE Fall 2023;AS Psychological & Brain Sciences;AS.200.324;01;How to build a mind: Lessons from babies, animals, and AI;Cao, Qiong;08/28/2023;12/08/2023;Link;0;14;4.24;.73;.9285714285714286;4.54;.66;5;.9285714285714286;4.69;.75;5;.9285714285714286;4.38;.65;4;.9285714285714286;0;0;0;.9285714285714286;4.5;.9;5;.8571428571428571;3.08;.67;3;.8571428571428571
AE Fall 2023;AS Psychological & Brain Sciences;AS.200.382;01;Models of Psychotherapy;Papadakis, Alison Moog Aubrecht;08/28/2023;12/08/2023;Link;0;18;4.66;.53;1;4.67;.59;5;1;4.89;.32;5;1;4.72;.57;5;1;4.78;.43;5;1;4.72;.75;5;1;4.17;.51;4;1
AE Fall 2023;AS Psychological & Brain Sciences;AS.200.385;01;Mind, Brain & Experience;Bedny, Marina;08/28/2023;12/08/2023;Link;0;18;3.99;1.4;.8888888888888888;4;1.6;5;.8888888888888888;4;1.57;5;.8333333333333334;4.29;.99;5;.8333333333333334;4.07;1.69;5;.8333333333333334;3.86;1.61;4.5;.8333333333333334;3.71;.91;3;.8333333333333334
AE Fall 2023;AS Public Health Studies;AS.280.101;01;Introduction to Public Health;Bulzacchelli, Maria Theresa;08/28/2023;12/08/2023;Link;0;16;3.74;1.06;.9375;3.8;1.08;4;.9375;3.67;1.23;4;.9375;3.4;1.18;3;.9375;4.4;1.12;5;.9375;4.47;.92;5;.9375;2.73;.8;3;.9375
AE Fall 2023;AS Public Health Studies;AS.280.101;02;Introduction to Public Health;Bulzacchelli, Maria Theresa;08/28/2023;12/08/2023;Link;0;16;4.07;.73;.9375;4.27;.88;4;.9375;4.07;.83;4;.9375;3.93;.8;4;.9375;4.8;.41;5;.9375;4.73;.46;5;.9375;2.6;.99;2;.9375
AE Fall 2023;AS Public Health Studies;AS.280.101;03;Introduction to Public Health;Bulzacchelli, Maria Theresa;08/28/2023;12/08/2023;Link;0;16;3.86;.79;.9375;3.67;.9;4;.9375;3.6;1.12;4;.9375;3.79;.8;4;.875;4.43;.76;5;.9375;4.67;.49;5;.9375;3;.65;3;.9375
AE Fall 2023;AS Public Health Studies;AS.280.101;04;Introduction to Public Health;Bulzacchelli, Maria Theresa;08/28/2023;12/08/2023;Link;0;16;3.95;.72;1;4;.89;4;1;3.69;1.01;4;1;3.75;.77;4;1;4.75;.58;5;1;4.94;.25;5;1;2.56;.8100000000000001;2.5;1
AE Fall 2023;AS Public Health Studies;AS.280.101;05;Introduction to Public Health;Bulzacchelli, Maria Theresa;08/28/2023;12/08/2023;Link;0;16;3.99;.85;1;4.07;1.22;5;.9375;3.88;1.2;4;1;3.44;1.09;3.5;1;4.75;.45;5;1;4.81;.4;5;1;3;.73;3;1
AE Fall 2023;AS Public Health Studies;AS.280.101;06;Introduction to Public Health;Bulzacchelli, Maria Theresa;08/28/2023;12/08/2023;Link;0;15;3.55;.8;.9333333333333333;3.36;.84;3;.9333333333333333;3.43;.9399999999999999;4;.9333333333333333;3.29;.83;3;.9333333333333333;4.46;.78;5;.9333333333333333;4.14;.66;4;.9333333333333333;2.64;.74;2.5;.9333333333333333
AE Fall 2023;AS Public Health Studies;AS.280.101;07;Introduction to Public Health;Bulzacchelli, Maria Theresa;08/28/2023;12/08/2023;Link;0;15;3.81;.73;1;3.87;.64;4;1;3.86;.86;4;.9333333333333333;3.67;.82;3;1;4.53;.64;5;1;4.13;.83;4;1;2.8;.5600000000000001;3;1
AE Fall 2023;AS Public Health Studies;AS.280.101;08;Introduction to Public Health;Bulzacchelli, Maria Theresa;08/28/2023;12/08/2023;Link;0;16;3.6;1.02;1;3.75;1;3.5;1;3.63;1.09;3;1;3.31;1.49;3;1;4.31;.95;5;1;4.31;.7;4;1;2.31;.87;2;1
AE Fall 2023;AS Public Health Studies;AS.280.101;09;Introduction to Public Health;Bulzacchelli, Maria Theresa;08/28/2023;12/08/2023;Link;0;16;3.88;.7;1;4.13;.72;4;1;3.94;.77;4;1;3.56;.96;3.5;1;4.5;.52;4.5;1;4.5;.52;4.5;1;2.63;.72;3;1
AE Fall 2023;AS Public Health Studies;AS.280.101;10;Introduction to Public Health;Bulzacchelli, Maria Theresa;08/28/2023;12/08/2023;Link;0;16;3.71;.87;1;3.75;.86;4;1;3.81;.83;4;1;3.5;1.03;4;1;4.36;.63;4;.9375;4.13;1.06;4;.9375;2.73;.8;3;.9375
AE Fall 2023;AS Public Health Studies;AS.280.240;01;Research Methods in Public Health;Davey-Rothwell, Melissa;08/28/2023;12/08/2023;Link;0;17;3.74;.8;.8947368421052632;3.53;1.01;4;.8947368421052632;3.35;1.06;3;.8947368421052632;3.31;.87;3;.8421052631578947;4.81;.54;5;.8947368421052632;4.65;.49;5;.8947368421052632;2.76;.83;3;.8947368421052632
AE Fall 2023;AS Public Health Studies;AS.280.240;01;Research Methods in Public Health;Tobin, Karin;08/28/2023;12/08/2023;Link;0;19;3.88;.76;.8947368421052632;3.53;1.01;4;.8947368421052632;4.24;.83;4;.8947368421052632;3.31;.87;3;.8421052631578947;4.81;.54;5;.8947368421052632;4.65;.49;5;.8947368421052632;2.76;.83;3;.8947368421052632
AE Fall 2023;AS Public Health Studies;AS.280.240;02;Research Methods in Public Health;Davey-Rothwell, Melissa;08/28/2023;12/08/2023;Link;1;;;;;;;;;;;;;;;;;;;;;;;;;;;;
AE Fall 2023;AS Public Health Studies;AS.280.240;03;Research Methods in Public Health;Davey-Rothwell, Melissa;08/28/2023;12/08/2023;Link;0;17;3.97;.71;.9411764705882353;3.94;1;4;.9411764705882353;3.94;.93;4;.9411764705882353;3.63;.8100000000000001;4;.9411764705882353;4.67;.49;5;.9411764705882353;4.75;.45;5;.9411764705882353;2.88;.62;3;.9411764705882353
AE Fall 2023;AS Public Health Studies;AS.280.240;03;Research Methods in Public Health;Tobin, Karin;08/28/2023;12/08/2023;Link;0;17;4;.71;.9411764705882353;3.94;1;4;.9411764705882353;4.13;.89;4;.9411764705882353;3.63;.8100000000000001;4;.9411764705882353;4.67;.49;5;.9411764705882353;4.75;.45;5;.9411764705882353;2.88;.62;3;.9411764705882353
AE Fall 2023;AS Public Health Studies;AS.280.240;04;Research Methods in Public Health;Davey-Rothwell, Melissa;08/28/2023;12/08/2023;Link;0;16;3.89;.78;1;3.94;.85;4;1;3.67;.98;4;.9375;3.88;.8100000000000001;4;1;4.81;.4;5;1;4.63;.72;5;1;2.44;.89;3;1
AE Fall 2023;AS Public Health Studies;AS.280.240;04;Research Methods in Public Health;Tobin, Karin;08/28/2023;12/08/2023;Link;0;16;4;.71;1;3.94;.85;4;1;4.31;.6;4;1;3.88;.8100000000000001;4;1;4.81;.4;5;1;4.63;.72;5;1;2.44;.89;3;1
AE Fall 2023;AS Public Health Studies;AS.280.240;05;Research Methods in Public Health;Davey-Rothwell, Melissa;08/28/2023;12/08/2023;Link;0;19;3.61;.91;.9473684210526315;3.61;.98;3.5;.9473684210526315;3.72;.75;4;.9473684210526315;3.41;1;3;.8947368421052632;4.25;.93;4.5;.8947368421052632;4.24;.9;4;.8947368421052632;2.41;.87;2;.8947368421052632
AE Fall 2023;AS Public Health Studies;AS.280.240;05;Research Methods in Public Health;Tobin, Karin;08/28/2023;12/08/2023;Link;0;19;3.63;.92;.9473684210526315;3.61;.98;3.5;.9473684210526315;3.88;.86;4;.8947368421052632;3.41;1;3;.8947368421052632;4.25;.93;4.5;.8947368421052632;4.24;.9;4;.8947368421052632;2.41;.87;2;.8947368421052632
AE Fall 2023;AS Public Health Studies;AS.280.495;01;Honors in Public Health - Seminar;Winch, Peter John;08/28/2023;12/08/2023;Link;0;18;4.44;.6899999999999999;1;4.56;.86;5;1;4.61;.85;5;1;4.41;.87;5;.9444444444444444;4.88;.33;5;.9444444444444444;4.71;.59;5;.9444444444444444;3.47;.62;3;.9444444444444444
AE Fall 2023;AS Sociology;AS.230.175;01;Chinese Revolutions;Kuo, Huei-Ying;08/28/2023;12/08/2023;Link;0;18;4.17;.82;1;4.33;.6899999999999999;4;1;4.22;.8100000000000001;4;1;4.44;.7;5;1;0;0;0;.9444444444444444;4.13;.96;4;.8888888888888888;3.71;.92;4;.9444444444444444
AE Fall 2023;AS Sociology;AS.230.313;01;Space, Place, Poverty & Race: Sociological Perspectives on Neighborhoods & Public Housing;Deluca, Stefanie;08/28/2023;12/08/2023;Link;0;8;4.6;.47;.875;4.57;.53;5;.875;4.71;.49;5;.875;4.86;.38;5;.875;0;0;0;.875;4.86;.38;5;.875;4;.58;4;.875
AE Fall 2023;AS Sociology;AS.230.317;01;Sociology of Immigration;Hao, Lingxin;08/28/2023;12/08/2023;Link;1;;;;;;;;;;;;;;;;;;;;;;;;;;;;
AE Fall 2023;AS Sociology;AS.230.328;01;Agrarian Change in Post-Reform China and Beyond;Liu, Tiantian;08/28/2023;12/08/2023;Link;1;;;;;;;;;;;;;;;;;;;;;;;;;;;;
AE Fall 2023;AS Sociology;AS.230.332;01;Family, Gender, and Sexuality in East Asia;Wan, Yifeng;08/28/2023;12/08/2023;Link;0;9;4.42;.53;.8888888888888888;4.88;.35;5;.8888888888888888;4.88;.35;5;.8888888888888888;4.63;.52;5;.8888888888888888;5;0;5;.875;4;1.07;4;.8888888888888888;3.13;.35;3;.8888888888888888
AE Fall 2023;AS Sociology;AS.230.333;01;School Choice: How Parents and Policy Shape Children's Schooling;Boselovic, Joseph Leonard;08/28/2023;12/08/2023;Link;1;;;;;;;;;;;;;;;;;;;;;;;;;;;;
AE Fall 2023;AS Sociology;AS.230.335;01;Medical Humanitarianism;Naveh Benjamin, Ilil;08/28/2023;12/08/2023;Link;0;18;4.57;.28;1;4.94;.24;5;1;5;0;5;1;4.78;.55;5;1;5;0;5;1;4.94;.24;5;.9444444444444444;2.76;.66;3;.9444444444444444
AE Fall 2023;AS Sociology;AS.230.340;01;Human Rights Activism: Between Theory and Practice;Naveh Benjamin, Ilil;08/28/2023;12/08/2023;Link;0;18;4.49;.42;.9444444444444444;4.88;.49;5;.9444444444444444;4.88;.33;5;.9444444444444444;4.63;.72;5;.8888888888888888;5;0;5;.9444444444444444;4.81;.54;5;.8888888888888888;2.75;.45;3;.9444444444444444
AE Fall 2023;AS Sociology;AS.230.345;01;Global Migration and Development;Agarwala, Rina;08/28/2023;12/08/2023;Link;1;;;;;;;;;;;;;;;;;;;;;;;;;;;;
AE Fall 2023;AS Sociology;AS.230.355;01;Caste and Race in Capitalism;Sharma, Sonal;08/28/2023;12/08/2023;Link;0;7;4.57;.41;1;4.86;.38;5;1;4.86;.38;5;1;4.71;.76;5;1;0;0;0;1;5;0;5;1;3.43;.53;3;1
AE Fall 2023;AS Sociology;AS.230.360;01;Finance Capitalism;Jacober, Conrad;08/28/2023;12/08/2023;Link;0;9;4.57;.57;.8888888888888888;4.75;.46;5;.8888888888888888;4.63;.74;5;.8888888888888888;4.63;.52;5;.8888888888888888;0;0;0;.8888888888888888;4.88;.35;5;.8888888888888888;4;.76;4;.8888888888888888
AE Fall 2023;AS Sociology;AS.230.416;01;Social Demography;Chen, Feinian;08/28/2023;12/08/2023;Link;1;;;;;;;;;;;;;;;;;;;;;;;;;;;;
AE Fall 2023;AS Study of Women, Gender, & Sexuality;AS.363.253;01;Disease, Illness and Medicine from the Perspective of Women, Gender and Sexuality Studies;Han, Clara;08/28/2023;12/08/2023;Link;0;11;3.57;1.07;.9090909090909091;3;1.33;3;.9090909090909091;2.7;1.42;3;.9090909090909091;3.8;1.14;3.5;.9090909090909091;4.3;.67;4;.9090909090909091;4.1;.99;4;.9090909090909091;3.5;.85;3.5;.9090909090909091
AE Fall 2023;AS Study of Women, Gender, & Sexuality;AS.363.253;02;Disease, Illness and Medicine from the Perspective of Women, Gender and Sexuality Studies;Han, Clara;08/28/2023;12/08/2023;Link;0;8;3.78;.88;1;3;1.07;3;1;2.75;1.04;3;1;4.13;.64;4;1;4.57;.79;5;.875;4.38;.92;5;1;3.88;.83;4;1
AE Fall 2023;AS Study of Women, Gender, & Sexuality;AS.363.253;03;Disease, Illness and Medicine from the Perspective of Women, Gender and Sexuality Studies;Han, Clara;08/28/2023;12/08/2023;Link;0;11;3.76;.96;.8181818181818182;3.22;1.2;3;.8181818181818182;3.22;1.2;3;.8181818181818182;4;1.32;4;.8181818181818182;4.56;.73;5;.8181818181818182;4.11;.78;4;.8181818181818182;3.44;.53;3;.8181818181818182
AE Fall 2023;AS Theatre Arts & Studies;AS.225.318;01;21st Century Female Playwrights;Denithorne, Margaret;08/28/2023;12/08/2023;Link;0;5;3.6;.58;.6;4;0;4;.6;4.67;.58;5;.6;4.33;.58;4;.6;0;0;0;.6;3.33;1.15;4;.6;1.67;.58;2;.6
AE Fall 2023;AS Theatre Arts & Studies;AS.225.330;01;Playwriting Strategies;Martin, Joseph H;08/28/2023;12/08/2023;Link;1;;;;;;;;;;;;;;;;;;;;;;;;;;;;
AE Fall 2023;AS Writing Program;AS.004.101;01;Reintroduction to Writing;Hull, Brittany;08/28/2023;12/08/2023;Link;0;10;2.77;1.23;1;2.8;1.32;3;1;2.6;1.17;2.5;1;3.11;1.17;3;1;1;0;1;.9;3;1.56;4;1;4.11;.93;4;.9
AE Fall 2023;AS Writing Program;AS.004.101;02;Reintroduction to Writing;Schnitzler, Carly;08/28/2023;12/08/2023;Link;0;12;4.53;.37;1;4.92;.29;5;1;5;0;5;1;4.5;.67;5;1;5;0;5;1;4.83;.39;5;1;2.92;.51;3;1
AE Fall 2023;AS Writing Program;AS.004.101;03;Reintroduction to Writing;Cui, Wenqi;08/28/2023;12/08/2023;Link;0;12;3.93;.99;1;3.58;1.24;4;1;3.83;1.11;4;1;3.83;.9399999999999999;4;1;0;0;0;1;4.33;.89;4.5;1;4.08;.79;4;1
AE Fall 2023;AS Writing Program;AS.004.101;04;Reintroduction to Writing;Staff;08/28/2023;12/08/2023;Link;1;;;;;;;;;;;;;;;;;;;;;;;;;;;;
AE Fall 2023;AS Writing Program;AS.004.101;05;Reintroduction to Writing;Staff;08/28/2023;12/08/2023;Link;1;;;;;;;;;;;;;;;;;;;;;;;;;;;;
AE Fall 2023;AS Writing Program;AS.004.101;06;Reintroduction to Writing;Hull, Brittany;08/28/2023;12/08/2023;Link;0;10;3.3;.96;1;2.8;.92;3;1;2.8;1.03;2.5;1;3.5;.85;3.5;1;0;0;0;1;3.4;1.17;4;1;4;.82;4;1
AE Fall 2023;AS Writing Program;AS.004.101;07;Reintroduction to Writing;Cui, Wenqi;08/28/2023;12/08/2023;Link;0;11;3.75;1.01;.9090909090909091;3.25;1.16;3;.7272727272727273;3.38;1.19;3.5;.7272727272727273;3.75;1.04;4;.7272727272727273;0;0;0;.7272727272727273;4;.93;4;.7272727272727273;4.38;.74;4.5;.7272727272727273
AE Fall 2023;AS Writing Program;AS.004.101;08;Reintroduction to Writing;Berger, Donald W;08/28/2023;12/08/2023;Link;0;11;4.15;1.07;1;4.3;1.16;5;.9090909090909091;4.3;1.16;5;.9090909090909091;4;1.05;4;.9090909090909091;5;0;5;.9090909090909091;4.3;1.16;5;.9090909090909091;3;.82;3;.9090909090909091
AE Fall 2023;AS Writing Program;AS.004.101;09;Reintroduction to Writing;Devenot, Nese;08/28/2023;12/08/2023;Link;0;12;4.57;.5600000000000001;1;4.58;.67;5;1;4.82;.4;5;.9166666666666666;4.42;.67;4.5;1;5;0;5;1;4.92;.29;5;1;3.67;.78;3.5;1
AE Fall 2023;AS Writing Program;AS.004.101;10;Reintroduction to Writing;Devenot, Nese;08/28/2023;12/08/2023;Link;0;11;4.35;.79;.9090909090909091;4.44;.73;5;.8181818181818182;4.22;1.09;5;.8181818181818182;4.11;.78;4;.8181818181818182;5;0;5;.8181818181818182;4.89;.33;5;.8181818181818182;3.44;1.01;3;.8181818181818182
AE Fall 2023;AS Writing Program;AS.004.101;11;Reintroduction to Writing;Staff;08/28/2023;12/08/2023;Link;1;;;;;;;;;;;;;;;;;;;;;;;;;;;;
AE Fall 2023;AS Writing Program;AS.004.101;12;Reintroduction to Writing;Staff;08/28/2023;12/08/2023;Link;1;;;;;;;;;;;;;;;;;;;;;;;;;;;;
AE Fall 2023;AS Writing Program;AS.004.101;13;Reintroduction to Writing;Staff;08/28/2023;12/08/2023;Link;1;;;;;;;;;;;;;;;;;;;;;;;;;;;;
AE Fall 2023;AS Writing Program;AS.004.101;14;Reintroduction to Writing;Schnitzler, Carly;08/28/2023;12/08/2023;Link;0;12;4.28;.6;1;4.55;.6899999999999999;5;.9166666666666666;4.64;.67;5;.9166666666666666;4.27;.65;4;.9166666666666666;0;0;0;.9166666666666666;4.64;.5;5;.9166666666666666;3.3;.48;3;.9166666666666666
AE Fall 2023;AS Writing Program;AS.004.101;15;Reintroduction to Writing;Galasi, Francis;08/28/2023;12/08/2023;Link;1;;;;;;;;;;;;;;;;;;;;;;;;;;;;
AE Fall 2023;AS Writing Program;AS.004.101;16;Reintroduction to Writing;Staff;08/28/2023;12/08/2023;Link;1;;;;;;;;;;;;;;;;;;;;;;;;;;;;
AE Fall 2023;AS Writing Program;AS.004.101;17;Reintroduction to Writing;Brown, Nathanael A;08/28/2023;12/08/2023;Link;0;12;4.51;.35;1;4.92;.29;5;1;4.92;.29;5;1;4.67;.49;5;1;5;0;5;1;5;0;5;1;2.58;.67;3;1
AE Fall 2023;AS Writing Program;AS.004.221;01;Research with the Zombie Apocalypse;Hartmann-Villalta, Laura;08/28/2023;12/08/2023;Link;0;14;4.4;.59;.9285714285714286;4.69;.63;5;.9285714285714286;4.62;.65;5;.9285714285714286;4.58;.51;5;.8571428571428571;0;0;0;.9285714285714286;4.69;.48;5;.9285714285714286;3.42;.67;3.5;.9285714285714286
AE Fall 2023;AS Writing Program;AS.004.241;01;Writing About;Oppel, George;08/28/2023;12/08/2023;Link;0;14;4.23;.64;1;4.57;.65;5;1;4.36;.84;5;1;4;.68;4;1;5;0;5;1;4.93;.27;5;1;2.54;.78;3;.9285714285714286
AE Fall 2023;AS Writing Program;AS.004.241;02;Writing About;Oppel, George;08/28/2023;12/08/2023;Link;0;12;4.47;.37;1;4.67;.65;5;1;4.83;.39;5;1;4.83;.39;5;1;0;0;0;1;5;0;5;1;3;.43;3;1
AE Fall 2023;AS Writing Program;AS.004.241;03;Writing About;Wexler, Anthony Charles;08/28/2023;12/08/2023;Link;0;10;4.5;.22;1;5;0;5;1;4.9;.32;5;1;4.9;.32;5;1;0;0;0;1;5;0;5;1;2.7;.48;3;1
AE Fall 2023;AS Writing Program;AS.004.241;04;Writing About;Wright, Lisa;08/28/2023;12/08/2023;Link;0;11;4.53;.43;.7272727272727273;5;0;5;.7272727272727273;5;0;5;.7272727272727273;4.75;.71;5;.7272727272727273;0;0;0;.7272727272727273;4.75;.46;5;.7272727272727273;3.13;.99;3;.7272727272727273
AE Fall 2023;AS Writing Program;AS.004.307;01;Training\Writing Consltn;Vinyard, Deirdre;08/28/2023;10/24/2023;Link;0;15;4.18;.58;.9333333333333333;4.85;.38;5;.8666666666666667;4.92;.28;5;.8666666666666667;4;1;4;.8666666666666667;0;0;0;.8666666666666667;4.75;.46;5;.8666666666666667;2.38;.77;3;.8666666666666667
AE Fall 2023;AS Writing Program;AS.004.321;01;Humanities Writing & Research Lab;Brodsky, Anne-Elizabeth Murdy;08/28/2023;12/08/2023;Link;1;;;;;;;;;;;;;;;;;;;;;;;;;;;;
AE Fall 2023;AS Writing Program;AS.004.341;02;Writing;Brown, Nathanael A;08/28/2023;12/08/2023;Link;0;12;4.27;.67;1;4.67;.78;5;1;4.75;.62;5;1;4.5;.67;5;1;0;0;0;1;4.83;.39;5;1;2.58;.9;2.5;1
AE Fall 2023;AS Writing Program;AS.004.341;03;Writing;Hartmann-Villalta, Laura;08/28/2023;12/08/2023;Link;0;8;4.57;.36;1;5;0;5;1;4.88;.35;5;1;4.5;.53;4.5;1;0;0;0;1;5;0;5;1;3.5;.93;3.5;1
AE Fall 2023;AS Writing Program;AS.004.341;04;Writing;Wright, Lisa;08/28/2023;12/08/2023;Link;0;15;4.63;.51;.9333333333333333;5;0;5;.9333333333333333;4.79;.58;5;.9333333333333333;4.79;.43;5;.9333333333333333;0;0;0;.9333333333333333;4.79;.58;5;.9333333333333333;3.79;.97;4;.9333333333333333
AE Fall 2023;AS Writing Program;AS.004.351;01;The Academic Conference;Koullas, Sandy Gillian;08/28/2023;12/08/2023;Link;0;8;4.3;.78;1;4.75;.71;5;1;4.88;.35;5;1;4.63;.74;5;1;0;0;0;1;4.25;.89;4.5;1;3;1.2;3;1
AE Fall 2023;AS Writing Program;AS.004.600;01;The Teaching Writing Workshop;Pavesich, Matthew;08/28/2023;12/08/2023;Link;1;;;;;;;;;;;;;;;;;;;;;;;;;;;;
AE Fall 2023;AS Writing Program;AS.004.621;01;Academic Writing for the PhD;O'Connor, Marie T;08/28/2023;12/08/2023;Link;1;;;;;;;;;;;;;;;;;;;;;;;;;;;;
AE Fall 2023;AS Writing Seminars;AS.220.105;01;Introduction to Fiction & Poetry I;Green, Regan E;08/28/2023;12/08/2023;Link;0;14;4.44;.55;.8571428571428571;4.64;.5;5;.7857142857142857;4.73;.47;5;.7857142857142857;4.64;.5;5;.7857142857142857;5;0;5;.7857142857142857;4.64;.5;5;.7857142857142857;3;.77;3;.7857142857142857
AE Fall 2023;AS Writing Seminars;AS.220.105;02;Introduction to Fiction & Poetry I;Niven, Samantha;08/28/2023;12/08/2023;Link;0;13;4.14;.6899999999999999;.9230769230769231;4.1;.74;4;.7692307692307693;4.11;.78;4;.7692307692307693;4.2;.79;4;.7692307692307693;4.5;.71;4.5;.7692307692307693;4.7;.48;5;.7692307692307693;3.2;.63;3;.7692307692307693
AE Fall 2023;AS Writing Seminars;AS.220.105;03;Introduction to Fiction & Poetry I;Green, Regan E;08/28/2023;12/08/2023;Link;0;14;4.58;.32;1;4.93;.27;5;1;4.93;.27;5;1;4.86;.36;5;1;5;0;5;1;4.92;.28;5;1;2.86;.77;3;1
AE Fall 2023;AS Writing Seminars;AS.220.105;04;Introduction to Fiction & Poetry I;Oathout, Phoebe;08/28/2023;12/08/2023;Link;0;14;4.37;.55;1;4.79;.43;5;1;4.85;.38;5;.9285714285714286;4.31;.63;4;.9285714285714286;0;0;0;.9285714285714286;4.85;.55;5;.9285714285714286;3.08;.76;3;.9285714285714286
AE Fall 2023;AS Writing Seminars;AS.220.105;05;Introduction to Fiction & Poetry I;Cox, Josiah;08/28/2023;12/08/2023;Link;0;14;4.16;.82;1;4.36;.93;5;1;4.43;.9399999999999999;5;1;4.29;.61;4;1;0;0;0;.8571428571428571;4.64;.63;5;1;3.07;1;3;1
AE Fall 2023;AS Writing Seminars;AS.220.105;06;Introduction to Fiction & Poetry I;Green, Regan E;08/28/2023;12/08/2023;Link;0;11;4.35;.9;1;4.45;.93;5;1;4.45;.93;5;1;4.45;.52;4;1;5;0;5;1;4.55;1.21;5;1;3.18;.87;3;1
AE Fall 2023;AS Writing Seminars;AS.220.105;07;Introduction to Fiction & Poetry I;Oathout, Phoebe;08/28/2023;12/08/2023;Link;0;10;4.26;.63;1;4.7;.67;5;1;4.6;.84;5;1;4.3;.82;4.5;1;0;0;0;1;5;0;5;1;2.7;.82;2.5;1
AE Fall 2023;AS Writing Seminars;AS.220.105;08;Introduction to Fiction & Poetry I;Cox, Josiah;08/28/2023;12/08/2023;Link;0;14;4.23;.6899999999999999;.9285714285714286;4.31;.75;4;.9285714285714286;4.62;.65;5;.9285714285714286;4.08;.76;4;.9285714285714286;0;0;0;.9285714285714286;4.77;.44;5;.9285714285714286;3.38;.87;3;.9285714285714286
AE Fall 2023;AS Writing Seminars;AS.220.105;09;Introduction to Fiction & Poetry I;Jensen, Carlee Alexa;08/28/2023;12/08/2023;Link;0;15;4.39;.52;1;4.67;.62;5;1;4.93;.26;5;1;4.4;.74;5;1;0;0;0;1;4.87;.35;5;1;3.07;.62;3;.9333333333333333
AE Fall 2023;AS Writing Seminars;AS.220.105;10;Introduction to Fiction & Poetry I;Oathout, Phoebe;08/28/2023;12/08/2023;Link;0;15;4.37;.51;1;4.67;.49;5;1;4.87;.35;5;1;4.47;.74;5;1;0;0;0;1;4.93;.26;5;1;2.93;.7;3;1
AE Fall 2023;AS Writing Seminars;AS.220.105;11;Introduction to Fiction & Poetry I;Cox, Josiah;08/28/2023;12/08/2023;Link;0;15;3.91;.78;.9333333333333333;4.14;1.03;4.5;.9333333333333333;4.57;.76;5;.9333333333333333;3.86;.95;4;.9333333333333333;3;0;3;.9333333333333333;4.69;.48;5;.8666666666666667;3.21;.7;3;1
AE Fall 2023;AS Writing Seminars;AS.220.105;12;Introduction to Fiction & Poetry I;Wray, Caroline C;08/28/2023;12/08/2023;Link;0;14;4.03;1.03;1;4.36;.93;5;1;4.29;1.07;4.5;1;3.93;1.14;4;1;0;0;0;1;4.43;.85;5;1;3.15;1.14;3;1
AE Fall 2023;AS Writing Seminars;AS.220.105;13;Introduction to Fiction & Poetry I;Steidle, Brianna Caye;08/28/2023;12/08/2023;Link;0;14;4.34;.51;1;4.71;.47;5;1;4.93;.27;5;1;4.31;.48;4;.9285714285714286;4;0;4;1;4.86;.36;5;1;3.21;.97;3;1
AE Fall 2023;AS Writing Seminars;AS.220.105;14;Introduction to Fiction & Poetry I;Gathright, Kathleen;08/28/2023;12/08/2023;Link;0;14;4.14;1.13;.9285714285714286;4.15;1.14;4;.9285714285714286;4.23;1.17;5;.9285714285714286;4;1.22;4;.9285714285714286;5;0;5;.9285714285714286;4.15;1.28;5;.9285714285714286;3.31;.85;3;.9285714285714286
AE Fall 2023;AS Writing Seminars;AS.220.105;15;Introduction to Fiction & Poetry I;Wray, Caroline C;08/28/2023;12/08/2023;Link;0;14;4.25;.93;1;4.36;.93;5;1;4.43;.9399999999999999;5;1;4.14;.86;4;1;5;0;5;1;4.21;.89;4;1;3.36;1.01;3;1
AE Fall 2023;AS Writing Seminars;AS.220.105;16;Introduction to Fiction & Poetry I;Steidle, Brianna Caye;08/28/2023;12/08/2023;Link;0;14;4.44;.51;1;4.71;.47;5;1;4.79;.43;5;1;4.64;.63;5;1;4.5;.71;4.5;1;4.79;.43;5;1;3.21;.43;3;1
AE Fall 2023;AS Writing Seminars;AS.220.105;17;Introduction to Fiction & Poetry I;Coates, Jainey;08/28/2023;12/08/2023;Link;0;15;3.81;.84;.9333333333333333;4.21;.8;4;.9333333333333333;4.14;1.03;4.5;.9333333333333333;3.77;.93;4;.8666666666666667;0;0;0;.9333333333333333;4.5;.52;4.5;.9333333333333333;2.43;.9399999999999999;2;.9333333333333333
AE Fall 2023;AS Writing Seminars;AS.220.105;18;Introduction to Fiction & Poetry I;Gathright, Kathleen;08/28/2023;12/08/2023;Link;0;14;3.77;.74;1;3.64;.93;4;1;3.93;.83;4;1;3.71;.47;4;1;4;0;4;.9285714285714286;4.14;.77;4;1;3.21;.7;3;1
AE Fall 2023;AS Writing Seminars;AS.220.105;19;Introduction to Fiction & Poetry I;Wray, Caroline C;08/28/2023;12/08/2023;Link;0;13;4.35;.51;.9230769230769231;4.67;.49;5;.9230769230769231;4.73;.47;5;.8461538461538461;4.27;.65;4;.8461538461538461;0;0;0;.8461538461538461;4.9;.32;5;.7692307692307693;3.18;.6;3;.8461538461538461
AE Fall 2023;AS Writing Seminars;AS.220.105;20;Introduction to Fiction & Poetry I;Steidle, Brianna Caye;08/28/2023;12/08/2023;Link;0;15;3.95;.82;1;3.93;.88;4;1;4;.85;4;1;4.07;.7;4;1;0;0;0;.9333333333333333;4.53;.92;5;1;3.2;.77;3;1
AE Fall 2023;AS Writing Seminars;AS.220.105;21;Introduction to Fiction & Poetry I;Clark, Cora Willemtje;08/28/2023;12/08/2023;Link;0;12;4.03;.55;1;4.42;.67;4.5;1;4.5;.52;4.5;1;3.91;.7;4;1;3.5;.71;3.5;1;5;0;5;1;2.83;.72;3;1
AE Fall 2023;AS Writing Seminars;AS.220.105;22;Introduction to Fiction & Poetry I;Gathright, Kathleen;08/28/2023;12/08/2023;Link;0;13;4.58;.39;1;4.92;.29;5;1;4.92;.29;5;.9230769230769231;4.75;.45;5;.9230769230769231;5;0;5;.9230769230769231;4.73;.47;5;.8461538461538461;3.17;.83;3;.9230769230769231
AE Fall 2023;AS Writing Seminars;AS.220.105;23;Introduction to Fiction & Poetry I;Cheney, Samuel;08/28/2023;12/08/2023;Link;0;15;4.35;.52;.9333333333333333;4.93;.27;5;.9333333333333333;4.93;.27;5;.9333333333333333;4.5;.65;5;.9333333333333333;5;0;5;.9333333333333333;4.38;.77;5;.8666666666666667;2.36;.63;2;.9333333333333333
AE Fall 2023;AS Writing Seminars;AS.220.105;24;Introduction to Fiction & Poetry I;Cheney, Samuel;08/28/2023;12/08/2023;Link;0;14;4.55;.38;1;5;0;5;1;4.93;.27;5;1;4.5;.76;5;1;5;0;5;1;4.93;.27;5;1;2.93;.62;3;1
AE Fall 2023;AS Writing Seminars;AS.220.105;25;Introduction to Fiction & Poetry I;Danklin, Deirdre;08/28/2023;12/08/2023;Link;0;15;4.39;.57;1;4.87;.35;5;1;4.93;.26;5;1;4.2;1.01;5;1;5;0;5;1;4.93;.26;5;1;2.4;.99;3;1
AE Fall 2023;AS Writing Seminars;AS.220.106;01;Introduction to Fiction & Poetry II;Owens, Jameson Grant;08/28/2023;12/08/2023;Link;0;10;4.28;.64;.9;4.56;.73;5;.9;4.67;.71;5;.9;4;.71;4;.9;5;0;5;.9;4.44;1.01;5;.9;3;.71;3;.9
AE Fall 2023;AS Writing Seminars;AS.220.106;02;Introduction to Fiction & Poetry II;Ologunro, Olakunle Oladipupo;08/28/2023;12/08/2023;Link;0;13;4.28;.46;1;4.69;.48;5;1;4.83;.39;5;.9230769230769231;4.33;.65;4;.9230769230769231;0;0;0;.9230769230769231;4.92;.29;5;.9230769230769231;2.64;.5;3;.8461538461538461
AE Fall 2023;AS Writing Seminars;AS.220.106;03;Introduction to Fiction & Poetry II;Choi, Hye Ji;08/28/2023;12/08/2023;Link;0;12;4.5;.33;.9166666666666666;4.82;.4;5;.9166666666666666;4.91;.3;5;.9166666666666666;4.45;.52;4;.9166666666666666;5;0;5;.9166666666666666;5;0;5;.9166666666666666;2.82;.4;3;.9166666666666666
AE Fall 2023;AS Writing Seminars;AS.220.106;04;Introduction to Fiction & Poetry II;Choi, Hye Ji;08/28/2023;12/08/2023;Link;0;14;4.33;.76;1;4.79;.58;5;1;4.86;.53;5;1;4.64;.74;5;1;4;1.41;4;1;4.71;.73;5;1;3;.55;3;1
AE Fall 2023;AS Writing Seminars;AS.220.106;05;Introduction to Fiction & Poetry II;Tsuno, Nicole Yoshiko;08/28/2023;12/08/2023;Link;0;15;4.57;.26;1;4.93;.26;5;1;5;0;5;1;4.87;.35;5;1;0;0;0;1;5;0;5;1;3.07;.7;3;1
AE Fall 2023;AS Writing Seminars;AS.220.106;06;Introduction to Fiction & Poetry II;Choi, Hye Ji;08/28/2023;12/08/2023;Link;0;12;4.61;.34;1;4.92;.29;5;1;4.92;.29;5;1;4.75;.45;5;1;5;0;5;1;4.92;.29;5;1;3.17;.39;3;1
AE Fall 2023;AS Writing Seminars;AS.220.107;01;Podcasting:  Telling Stories in Sound;Henkin, Aaron;08/28/2023;12/08/2023;Link;0;13;4.21;.58;1;4.92;.28;5;1;4.83;.39;5;.9230769230769231;4.33;.65;4;.9230769230769231;0;0;0;.9230769230769231;4.36;.8100000000000001;5;.8461538461538461;2.58;.79;3;.9230769230769231
AE Fall 2023;AS Writing Seminars;AS.220.108;01;Introduction to Fiction & Nonfiction;Moulton, Katie;08/28/2023;12/08/2023;Link;0;16;4.16;.67;1;4.63;.62;5;1;4.63;.62;5;1;4.19;.91;4;1;4;0;4;.875;4.8;.41;5;.9375;2.73;.8;3;.9375
AE Fall 2023;AS Writing Seminars;AS.220.200;01;The Craft of Fiction;Keleher, Kate L;08/28/2023;12/08/2023;Link;0;12;4.53;.31;1;4.92;.29;5;1;5;0;5;1;4.75;.45;5;1;0;0;0;1;4.92;.29;5;1;3.08;.51;3;1
AE Fall 2023;AS Writing Seminars;AS.220.200;02;The Craft of Fiction;Moulton, Katherine J;08/28/2023;12/08/2023;Link;0;8;4.53;.34;1;4.88;.35;5;1;5;0;5;1;4.63;.52;5;1;0;0;0;1;4.88;.35;5;1;3.25;.46;3;1
AE Fall 2023;AS Writing Seminars;AS.220.200;03;The Craft of Fiction;Keleher, Kate L;08/28/2023;12/08/2023;Link;0;15;4.56;.16;1;5;0;5;1;5;0;5;1;4.8;.41;5;1;0;0;0;1;5;0;5;1;3;.38;3;1
AE Fall 2023;AS Writing Seminars;AS.220.200;04;The Craft of Fiction;Choi, Susan;08/28/2023;12/08/2023;Link;0;10;4.48;.28;1;5;0;5;1;5;0;5;1;4.8;.42;5;1;0;0;0;1;4.9;.32;5;1;2.7;.67;3;1
AE Fall 2023;AS Writing Seminars;AS.220.201;01;The Craft of Poetry;Fee, Gabriella;08/28/2023;12/08/2023;Link;0;14;4.48;.24;.9285714285714286;4.92;.28;5;.9285714285714286;5;0;5;.9285714285714286;4.92;.28;5;.9285714285714286;0;0;0;.9285714285714286;5;0;5;.9285714285714286;2.54;.66;3;.9285714285714286
AE Fall 2023;AS Writing Seminars;AS.220.201;02;The Craft of Poetry;Williamson, Greg W;08/28/2023;12/08/2023;Link;0;11;4.11;.6899999999999999;1;4.73;.47;5;1;4.82;.4;5;1;4.45;.82;5;1;0;0;0;1;4.3;.95;4.5;1;2.27;.79;2;1
AE Fall 2023;AS Writing Seminars;AS.220.201;03;The Craft of Poetry;Yezzi, David D;08/28/2023;12/08/2023;Link;1;;;;;;;;;;;;;;;;;;;;;;;;;;;;
AE Fall 2023;AS Writing Seminars;AS.220.220;01;Reading Korean Literature in Translation: A Survey;Kim, Kyeong-soo;08/28/2023;12/08/2023;Link;0;7;4.23;.7;1;4.14;.6899999999999999;4;1;3.86;.9;4;1;4.86;.38;5;1;0;0;0;1;4.57;.79;5;1;3.71;.76;4;1
AE Fall 2023;AS Writing Seminars;AS.220.231;01;Art of the Personal Essay;Moulton, Katherine J;08/28/2023;12/08/2023;Link;0;11;4.26;.72;.9090909090909091;4.4;.7;4.5;.9090909090909091;4.5;.71;5;.9090909090909091;4.4;.84;5;.9090909090909091;0;0;0;.9090909090909091;4.6;.52;5;.9090909090909091;3.4;.84;3;.9090909090909091
AE Fall 2023;AS Writing Seminars;AS.220.301;01;Readings in Fiction:  Writing the Fantastical;Robinson, Shannon L;08/28/2023;12/08/2023;Link;0;15;4.48;.39;1;4.93;.26;5;1;4.93;.26;5;1;4.6;.63;5;1;0;0;0;1;4.87;.35;5;1;3.07;.46;3;1
AE Fall 2023;AS Writing Seminars;AS.220.302;01;Intermediate Fiction:  Adventures in Form;Keleher, Kate L;08/28/2023;12/08/2023;Link;0;7;4.67;0;.8571428571428571;5;0;5;.8571428571428571;5;0;5;.8571428571428571;5;0;5;.8571428571428571;5;0;5;.8571428571428571;5;0;5;.8571428571428571;3;0;3;.8571428571428571
AE Fall 2023;AS Writing Seminars;AS.220.303;01;Intermediate Fiction: I, You, They, She, He, We--Exploring Points of View in the Short Story;Tenorio, Lysley A;08/28/2023;12/08/2023;Link;1;;;;;;;;;;;;;;;;;;;;;;;;;;;;
AE Fall 2023;AS Writing Seminars;AS.220.304;01;Intermediate Fiction:  Characterization;Evans, Danielle V;08/28/2023;12/08/2023;Link;0;14;4.5;.55;1;4.5;.76;5;1;4.62;.51;5;.9285714285714286;4.36;1.15;5;1;5;0;5;1;5;0;5;1;3.5;.85;3;1
AE Fall 2023;AS Writing Seminars;AS.220.320;01;Readings in Poetry:  The Dyer's Hand:  Shakespeare and Modern Poetry;Yezzi, David D;08/28/2023;12/08/2023;Link;0;5;4.25;.66;.8;4.75;.5;5;.8;4.5;1;5;.8;4.75;.5;5;.8;0;0;0;.8;4.25;.5;4;.8;3;.82;3;.8
AE Fall 2023;AS Writing Seminars;AS.220.348;01;Creative Nonfiction Workshop: The Personal and the Public;Snider, Bruce H;08/28/2023;12/08/2023;Link;0;11;4.51;.21;1;5;0;5;1;5;0;5;1;4.73;.47;5;1;0;0;0;1;5;0;5;1;2.82;.6;3;1
AE Fall 2023;AS Writing Seminars;AS.220.377;01;Intermediate Poetry: Poetic Forms;Williamson, Greg W;08/28/2023;12/08/2023;Link;0;15;4.43;.6;.9333333333333333;4.71;.61;5;.9333333333333333;4.71;.61;5;.9333333333333333;4.57;.76;5;.9333333333333333;5;0;5;.9333333333333333;4.93;.27;5;.9333333333333333;2.64;.74;3;.9333333333333333
AE Fall 2023;AS Writing Seminars;AS.220.400;01;Advanced Poetry Workshop;Russell, Lauren;08/28/2023;12/08/2023;Link;0;6;4.29;.52;1;4.5;.55;4.5;1;4.5;.55;4.5;1;4.67;.52;5;1;0;0;0;1;4.6;.55;5;1;3.2;.45;3;.8333333333333334
AE Fall 2023;AS Writing Seminars;AS.220.401;01;Advanced Fiction Workshop;Noel, Katharine;08/28/2023;12/08/2023;Link;0;12;4.68;.22;.9166666666666666;5;0;5;.9166666666666666;5;0;5;.8333333333333334;4.9;.32;5;.8333333333333334;5;0;5;.9166666666666666;4.91;.3;5;.9166666666666666;3.27;.47;3;.9166666666666666
AE Fall 2023;AS Writing Seminars;AS.220.401;02;Advanced Fiction Workshop;Tenorio, Lysley A;08/28/2023;12/08/2023;Link;0;8;4.57;.51;.875;4.83;.41;5;.75;4.83;.41;5;.75;4.83;.41;5;.75;0;0;0;.75;4.67;.82;5;.75;3.67;.52;4;.75
AE Fall 2023;AS Writing Seminars;AS.220.415;01;Community-Based Learning:  Teaching Creative Writing in Baltimore Schools;Noel, Katharine;08/28/2023;12/08/2023;Link;0;13;4.32;.52;1;4.62;.51;5;1;4.85;.38;5;1;4.31;.95;5;1;5;0;5;.9230769230769231;4.46;.66;5;1;2.69;.63;3;1
AE Fall 2023;AS Writing Seminars;AS.220.422;01;Readings in Fiction: Race, Passing, and Performance;Evans, Danielle V;08/28/2023;12/08/2023;Link;0;7;4.47;.59;1;4.43;.79;5;1;4.83;.41;5;.8571428571428571;4.71;.76;5;1;5;0;5;1;4.57;.53;5;1;3.29;.49;3;1
AE Fall 2023;AS Writing Seminars;AS.220.424;01;Science and Storytelling:  The Narrative of Nature, the Nature of Narrative;Panek, Richard;08/28/2023;12/08/2023;Link;0;11;4.02;.74;1;4.27;.79;4;1;4.36;.8100000000000001;5;1;4.27;.65;4;1;4;1;4;.9090909090909091;4.36;.8100000000000001;5;1;2.82;.4;3;1
AE Fall 2023;EN Biomedical Engineering;EN.580.480;01;Precision Care Medicine I;Greenstein, Joseph L;08/28/2023;12/08/2023;Link;1;;;;;;;;;;;;;;;;;;;;;;;;;;;;
AE Fall 2023;EN Center for Leadership Education;EN.660.329;01;Social Entrepreneurship Theory and Practice. Community Based Learning;Smedick, William D;08/28/2023;12/08/2023;Link;0;26;4.18;.7;.9230769230769231;4.5;.66;5;.9230769230769231;4.7;.5600000000000001;5;.8846153846153846;4.18;.91;4;.8461538461538461;4.59;.67;5;.8846153846153846;4.32;.89;4.5;.8461538461538461;2.82;.5;3;.8461538461538461
AE Fall 2023;EN Center for Leadership Education;EN.660.332;01;Leadership Theory;Smedick, William D;08/28/2023;12/08/2023;Link;0;29;4.44;.53;.9655172413793104;4.82;.48;5;.9655172413793104;4.82;.48;5;.9655172413793104;4.67;.55;5;.9310344827586207;4.81;.4;5;.9655172413793104;4.57;.74;5;.9655172413793104;2.93;.54;3;.9655172413793104
AE Fall 2023;EN Center for Leadership Education;EN.660.332;02;Leadership Theory;Coghlan, Mary Clare;08/28/2023;12/08/2023;Link;0;24;4.19;.84;.9583333333333334;4.61;.72;5;.9583333333333334;4.52;.85;5;.9583333333333334;4.13;.92;4;.9583333333333334;4.43;.68;5;.9166666666666666;4.14;1.13;4;.9166666666666666;3.32;.78;3;.9166666666666666
AE Fall 2023;EN Center for Leadership Education;EN.660.332;03;Leadership Theory;Coghlan, Mary Clare;08/28/2023;12/08/2023;Link;0;19;4.42;.6;1;4.79;.42;5;1;4.88;.33;5;.8947368421052632;4.25;.77;4;.8421052631578947;4.46;.66;5;.8421052631578947;4.63;.5;5;.8421052631578947;3.5;.89;3.5;.8421052631578947
AE Fall 2023;EN Center for Leadership Education;EN.660.333;01;Leading Change;Russell, Mia B;08/28/2023;12/08/2023;Link;0;18;3.73;.92;.9444444444444444;4.41;.8;5;.9444444444444444;4.53;.8;5;.9444444444444444;4.06;.66;4;.9444444444444444;2.63;1.59;2.5;.9444444444444444;4.12;.99;4;.9444444444444444;2.65;.7;3;.9444444444444444
AE Fall 2023;EN Center for Leadership Education;EN.660.420;01;Strategic Case Analysis;Kendrick, Leslie;08/28/2023;12/08/2023;Link;0;11;4.24;.6899999999999999;1;4.09;.9399999999999999;4;1;4.45;.6899999999999999;5;1;4.27;.65;4;1;4.36;.67;4;1;4.55;.52;5;1;3.73;.65;4;1
AE Fall 2023;EN Center for Leadership Education;EN.661.110;01;Professional Writing and Communication;Hilliard, Amanda D;08/28/2023;12/08/2023;Link;0;20;4.05;.73;.95;4.37;.6;4;.95;4.56;.62;5;.9;3.95;.91;4;.95;0;0;0;.95;4.47;.77;5;.95;2.89;.74;3;.95
AE Fall 2023;EN Center for Leadership Education;EN.661.110;02;Professional Writing and Communication;Smith, Sarah Harrison;08/28/2023;12/08/2023;Link;1;;;;;;;;;;;;;;;;;;;;;;;;;;;;
AE Fall 2023;EN Center for Leadership Education;EN.661.110;03;Professional Writing and Communication;Choy, Marina;08/28/2023;12/08/2023;Link;0;19;4.3;.62;.9473684210526315;4.71;.59;5;.8947368421052632;4.76;.5600000000000001;5;.8947368421052632;4.24;.9;4;.8947368421052632;4.81;.54;5;.8947368421052632;4.65;.61;5;.8947368421052632;2.65;.49;3;.8947368421052632
AE Fall 2023;EN Center for Leadership Education;EN.661.110;04;Professional Writing and Communication;Forte, Joseph Francis;08/28/2023;12/08/2023;Link;0;18;4.17;.66;.9444444444444444;4.29;.6899999999999999;4;.9444444444444444;4.47;.74;5;.8333333333333334;4;.68;4;.7777777777777778;0;0;0;.8333333333333334;4.8;.41;5;.8333333333333334;3.27;.8;3;.8333333333333334
AE Fall 2023;EN Center for Leadership Education;EN.661.110;05;Professional Writing and Communication;Kendrick, Leslie;08/28/2023;12/08/2023;Link;0;18;4.19;.6899999999999999;1;4.28;.67;4;1;4.56;.62;5;1;4.06;.87;4;1;4.43;.65;4.5;1;4.61;.61;5;1;3.22;.73;3;1
AE Fall 2023;EN Center for Leadership Education;EN.661.110;06;Professional Writing and Communication;Foxwell, Leonard N;08/28/2023;12/08/2023;Link;0;18;4.34;.52;.9444444444444444;4.76;.5600000000000001;5;.9444444444444444;4.88;.5;5;.8888888888888888;4.31;.6;4;.8888888888888888;4.87;.35;5;.8888888888888888;4.69;.48;5;.8888888888888888;2.56;.63;3;.8888888888888888
AE Fall 2023;EN Center for Leadership Education;EN.661.250;01;Oral Presentations;Smith, Sarah Harrison;08/28/2023;12/08/2023;Link;0;8;4.44;.66;1;4.75;.46;5;1;4.63;.74;5;1;4.5;.76;5;1;4.63;.74;5;1;4.88;.35;5;1;3.25;.89;3;1
AE Fall 2023;EN Center for Leadership Education;EN.661.250;02;Oral Presentations;Hilliard, Amanda D;08/28/2023;12/08/2023;Link;0;12;4.32;.5;1;4.55;.52;5;.9166666666666666;4.45;.52;4;.9166666666666666;4.09;.7;4;.9166666666666666;4.64;.5;5;.9166666666666666;4.91;.3;5;.9166666666666666;3.27;.47;3;.9166666666666666
AE Fall 2023;EN Center for Leadership Education;EN.661.250;03;Oral Presentations;Forte, Joseph Francis;08/28/2023;12/08/2023;Link;0;9;3.79;.83;1;4.25;.71;4;1;4.25;.71;4;1;3.5;.93;3.5;1;3.88;.83;4;1;4.25;1.04;4.5;1;2.63;.74;3;1
AE Fall 2023;EN Center for Leadership Education;EN.661.250;04;Oral Presentations;Reiser, Julie;08/28/2023;12/08/2023;Link;0;13;4.34;.63;1;4.83;.39;5;.9230769230769231;4.85;.38;5;1;4.33;.89;5;.9230769230769231;4.08;1.12;4;1;4.85;.38;5;1;3.08;.64;3;1
AE Fall 2023;EN Center for Leadership Education;EN.661.315;01;Culture of the Engineering Profession;Rice, Eric;08/28/2023;12/08/2023;Link;0;26;3.33;1.16;1;3.27;1;3;1;3.5;.99;4;1;3.23;1.27;3.5;1;3;1.63;3;1;3.72;1.21;4;.9615384615384616;3.27;.87;3;1
AE Fall 2023;EN Center for Leadership Education;EN.661.315;01;Culture of the Engineering Profession;Hearty, Ryan;08/28/2023;12/08/2023;Link;0;26;3.3;1.2;1;3.27;1;3;1;3.31;1.23;4;1;3.23;1.27;3.5;1;3;1.63;3;1;3.72;1.21;4;.9615384615384616;3.27;.87;3;1
AE Fall 2023;EN Center for Leadership Education;EN.661.315;02;Culture of the Engineering Profession;Forte, Joseph Francis;08/28/2023;12/08/2023;Link;0;22;4.27;.67;.9090909090909091;4.47;.61;5;.8636363636363636;4.68;.58;5;.8636363636363636;4.16;.6;4;.8636363636363636;4.5;.71;4.5;.8636363636363636;4.53;.77;5;.8636363636363636;3.26;.73;3;.8636363636363636
AE Fall 2023;EN Center for Leadership Education;EN.661.315;02;Culture of the Engineering Profession;Hearty, Ryan;08/28/2023;12/08/2023;Link;0;22;4.17;.76;.9090909090909091;4.47;.61;5;.8636363636363636;4.11;1.15;4;.8636363636363636;4.16;.6;4;.8636363636363636;4.5;.71;4.5;.8636363636363636;4.53;.77;5;.8636363636363636;3.26;.73;3;.8636363636363636
AE Fall 2023;EN Center for Leadership Education;EN.663.622;01;Professional Writing and Communication for Graduate Students;Link-Farajali, Denise;08/28/2023;12/08/2023;Link;0;11;3.83;.9;1;4.45;.82;5;1;4.45;.82;5;1;3.09;1.04;3;1;3.8;1.1;3;1;4.55;.82;5;1;2.64;.8100000000000001;3;1
AE Fall 2023;EN Chemical & Biomolecular Engineering;EN.540.311;01;Projects in ChemE Unit Operations with Experiments;Zerin, Nagma;08/28/2023;12/08/2023;Link;1;;;;;;;;;;;;;;;;;;;;;;;;;;;;
AE Fall 2023;EN Chemical & Biomolecular Engineering;EN.540.311;02;Projects in ChemE Unit Operations with Experiments;Cui, Honggang;08/28/2023;12/08/2023;Link;1;;;;;;;;;;;;;;;;;;;;;;;;;;;;
AE Fall 2023;EN Chemical & Biomolecular Engineering;EN.540.311;03;Projects in ChemE Unit Operations with Experiments;Jeong, Sangmoo;08/28/2023;12/08/2023;Link;1;;;;;;;;;;;;;;;;;;;;;;;;;;;;
AE Fall 2023;EN Chemical & Biomolecular Engineering;EN.540.311;05;Projects in ChemE Unit Operations with Experiments;Ostermeier, Marc;08/28/2023;12/08/2023;Link;1;;;;;;;;;;;;;;;;;;;;;;;;;;;;
AE Fall 2023;EN Chemical & Biomolecular Engineering;EN.540.313;01;Projects in ChemBE Unit Operations with Experiments;Zerin, Nagma;08/28/2023;12/08/2023;Link;0;21;4.28;.67;1;4.25;.72;4;.9523809523809523;4.9;.31;5;.9523809523809523;4.26;.65;4;.9523809523809523;3.83;1.15;4;.9523809523809523;4.55;.6;5;.9523809523809523;4.25;.79;4;.9523809523809523
AE Fall 2023;EN Chemical & Biomolecular Engineering;EN.540.313;01;Projects in ChemBE Unit Operations with Experiments;Jeong, Sangmoo;08/28/2023;12/08/2023;Link;0;21;4.17;.76;1;4.25;.72;4;.9523809523809523;4.35;.79;4;.9523809523809523;4.26;.65;4;.9523809523809523;3.83;1.15;4;.9523809523809523;4.55;.6;5;.9523809523809523;4.25;.79;4;.9523809523809523
AE Fall 2023;EN Chemical & Biomolecular Engineering;EN.540.313;01;Projects in ChemBE Unit Operations with Experiments;Husmann, Eric;08/28/2023;12/08/2023;Link;0;21;4.15;.78;1;4.25;.72;4;.9523809523809523;4.08;1;4;.9523809523809523;4.26;.65;4;.9523809523809523;3.83;1.15;4;.9523809523809523;4.55;.6;5;.9523809523809523;4.25;.79;4;.9523809523809523
AE Fall 2023;EN Chemical & Biomolecular Engineering;EN.540.313;02;Projects in ChemBE Unit Operations with Experiments;Cui, Honggang;08/28/2023;12/08/2023;Link;1;;;;;;;;;;;;;;;;;;;;;;;;;;;;
AE Fall 2023;EN Chemical & Biomolecular Engineering;EN.540.313;03;Projects in ChemBE Unit Operations with Experiments;Zerin, Nagma;08/28/2023;12/08/2023;Link;0;14;3.9;1.05;.8571428571428571;3.42;1.31;3.5;.8571428571428571;3.83;1.27;4;.8571428571428571;3.92;1;4;.8571428571428571;3.56;1.01;3;.8571428571428571;3.92;1.24;4;.8571428571428571;4.75;.45;5;.8571428571428571
AE Fall 2023;EN Chemical & Biomolecular Engineering;EN.540.313;03;Projects in ChemBE Unit Operations with Experiments;Ostermeier, Marc;08/28/2023;12/08/2023;Link;0;14;3.9;1.01;.8571428571428571;3.42;1.31;3.5;.8571428571428571;3.86;1.07;4;.8571428571428571;3.92;1;4;.8571428571428571;3.56;1.01;3;.8571428571428571;3.92;1.24;4;.8571428571428571;4.75;.45;5;.8571428571428571
AE Fall 2023;EN Chemical & Biomolecular Engineering;EN.540.313;03;Projects in ChemBE Unit Operations with Experiments;Husmann, Eric;08/28/2023;12/08/2023;Link;0;14;3.86;1;.8571428571428571;3.42;1.31;3.5;.8571428571428571;3.58;1;3;.8571428571428571;3.92;1;4;.8571428571428571;3.56;1.01;3;.8571428571428571;3.92;1.24;4;.8571428571428571;4.75;.45;5;.8571428571428571
AE Fall 2023;EN Chemical & Biomolecular Engineering;EN.540.313;05;Projects in ChemBE Unit Operations with Experiments;Ostermeier, Marc;08/28/2023;12/08/2023;Link;0;16;4.26;.77;.9375;3.93;.7;4;.9375;4.33;.82;4;.9375;4.47;.52;4;.9375;4.08;1.24;4.5;.9375;4.6;.51;5;.9375;4.13;.83;4;.9375
AE Fall 2023;EN Chemical & Biomolecular Engineering;EN.540.313;05;Projects in ChemBE Unit Operations with Experiments;Cui, Honggang;08/28/2023;12/08/2023;Link;0;16;4.26;.78;.9375;3.93;.7;4;.9375;4.33;.9;5;.9375;4.47;.52;4;.9375;4.08;1.24;4.5;.9375;4.6;.51;5;.9375;4.1;.83;4;.9375
AE Fall 2023;EN Civil and Systems Engineering;EN.560.661;01;Additive Manufacturing and Design;Mueller, Jochen;08/28/2023;12/08/2023;Link;0;24;4.4;.53;1;4.71;.6899999999999999;5;1;4.75;.53;5;1;4.54;.78;5;1;5;0;5;.9166666666666666;4.71;.55;5;1;2.67;.64;3;1
AE Fall 2023;EN Environmental Health and Engineering;EN.570.428;01;Problems in Applied Economics Research;Hanke, Steve H;08/28/2023;12/08/2023;Link;0;16;4.38;.79;.875;4.46;.78;5;.8125;4.54;.78;5;.8125;4.46;.78;5;.8125;4.33;1.15;5;.8125;4.62;.51;5;.8125;3.86;.77;4;.875
AE Fall 2023;EN Environmental Health and Engineering;EN.570.470;01;Applied Econ & Finance;Hanke, Steve H;08/28/2023;12/08/2023;Link;0;11;4.59;.57;1;4.82;.6;5;1;4.82;.6;5;1;4.73;.65;5;1;0;0;0;1;4.9;.32;5;1;3.7;.67;4;1
AE Fall 2023;EN Materials Science & Engineering;EN.510.428;01;Material Science Laboratory I;Wilson, Orla;08/28/2023;12/08/2023;Link;0;8;4.14;.82;1;4.43;.53;4;1;4;.93;4;1;4.43;.79;5;1;4.29;.76;4;1;4;1.15;4;1;3.71;.76;4;1
AE Fall 2023;EN Materials Science & Engineering;EN.510.428;02;Material Science Laboratory I;Wilson, Orla;08/28/2023;12/08/2023;Link;0;8;4.56;.49;1;4.88;.35;5;1;4.75;.46;5;1;4.63;.52;5;1;4.88;.35;5;1;4.88;.35;5;1;3.38;.92;3;1
AE Fall 2023;EN Materials Science & Engineering;EN.510.433;01;Senior Design Research;Wilson, Orla;08/28/2023;12/08/2023;Link;1;;;;;;;;;;;;;;;;;;;;;;;;;;;;
AE Fall 2023;EN Materials Science & Engineering;EN.510.438;01;Biomaterials Senior Design I;Wilson, Orla;08/28/2023;12/08/2023;Link;0;7;4.35;.5600000000000001;.8571428571428571;4.83;.41;5;.8571428571428571;4.8;.45;5;.7142857142857143;4.8;.45;5;.7142857142857143;4.67;.58;5;.7142857142857143;4.8;.45;5;.7142857142857143;3.2;.84;3;.7142857142857143
AE Fall 2023;EN Materials Science & Engineering;EN.510.440;01;Nanomaterials Senior Design I;Wilson, Orla;08/28/2023;12/08/2023;Link;1;;;;;;;;;;;;;;;;;;;;;;;;;;;;
AE Fall 2023;EN Materials Science & Engineering;EN.510.445;01;MSE Design Team II;Wilson, Orla;08/28/2023;12/08/2023;Link;1;;;;;;;;;;;;;;;;;;;;;;;;;;;;
AE Fall 2023;EN Materials Science & Engineering;EN.510.447;01;MSE Design Team Leader;Wilson, Orla;08/28/2023;12/08/2023;Link;1;;;;;;;;;;;;;;;;;;;;;;;;;;;;
